Student_ID,Student_Name,Gender,Age,Class,Section,Maths,Science,English,Social,Computer,Total_Marks,Percentage,Grade,Attendance,City
1001,Rohit,Female,16,10,A,87,66,57,69,97,376,75.2,B,79,Hyderabad
1002,Priya,Male,15,9,C,99,71,48,51,83,352,70.4,B,82,Rajahmundry
1003,Rohit,Female,16,8,C,95,78,62,61,84,380,76.0,B,75,Guntur
1004,Anjali,Male,17,10,B,99,88,49,99,66,401,80.2,A,86,Vizag
1005,Divya,Female,17,8,A,47,54,87,67,94,349,69.8,C,92,Guntur
1006,Sai,Male,16,9,A,95,65,77,79,99,415,83.0,A,82,Vizag
1007,Rahul,Male,17,8,A,36,81,56,63,40,276,55.2,D,90,Rajahmundry
1008,Kiran,Male,18,10,C,50,62,40,51,83,286,57.2,D,88,Rajahmundry
1009,Divya,Female,18,8,A,75,36,88,82,41,322,64.4,C,98,Vijayawada
1010,Priya,Female,18,10,B,82,49,52,50,85,318,63.6,C,100,Vijayawada
1011,Priya,Male,15,9,C,64,86,91,51,85,377,75.4,B,90,Hyderabad
1012,Rahul,Female,15,9,C,49,35,85,48,88,305,61.0,C,92,Hyderabad
1013,Rahul,Female,17,9,A,90,76,89,60,40,355,71.0,B,98,Rajahmundry
1014,Arjun,Male,16,8,A,54,67,62,57,82,322,64.4,C,95,Vijayawada
1015,Aparna,Male,18,9,A,74,49,81,91,52,347,69.4,C,75,Guntur
1016,Divya,Male,15,8,C,63,89,79,70,83,384,76.8,B,100,Vizag
1017,Sai,Male,15,9,C,42,81,98,78,44,343,68.6,C,95,Hyderabad
1018,Divya,Male,18,10,A,71,60,73,95,81,380,76.0,B,94,Rajahmundry
1019,Rohit,Male,18,8,A,90,50,59,76,47,322,64.4,C,80,Guntur
1020,Sneha,Female,18,8,C,64,97,49,77,51,338,67.6,C,90,Rajahmundry
1021,Priya,Male,15,9,B,78,40,43,86,75,322,64.4,C,88,Hyderabad
1022,Sai,Male,17,10,A,38,56,96,60,69,319,63.8,C,93,Vizag
1023,Rohit,Female,18,10,A,65,70,91,74,94,394,78.8,B,80,Vizag
1024,Kiran,Male,16,9,A,91,96,67,90,67,411,82.2,A,94,Guntur
1025,Aparna,Female,15,9,C,92,72,97,35,42,338,67.6,C,81,Vijayawada
1026,Kiran,Female,15,10,B,49,56,50,62,52,269,53.8,D,81,Rajahmundry
1027,Anjali,Female,18,10,A,59,76,92,87,41,355,71.0,B,98,Vijayawada
1028,Sai,Female,18,9,B,82,38,92,89,48,349,69.8,C,80,Hyderabad
1029,Aparna,Male,17,10,A,47,96,41,52,50,286,57.2,D,80,Guntur
1030,Anjali,Male,18,9,C,45,84,41,57,57,284,56.8,D,94,Rajahmundry
1031,Aparna,Female,17,10,C,86,63,43,38,75,305,61.0,C,85,Rajahmundry
1032,Rohit,Female,15,10,B,60,93,81,78,91,403,80.6,A,76,Rajahmundry
1033,Sneha,Female,16,10,A,90,72,74,55,90,381,76.2,B,98,Hyderabad
1034,Arjun,Female,17,8,C,83,63,100,54,99,399,79.8,B,91,Vijayawada
1035,Kiran,Female,15,9,A,71,68,54,88,55,336,67.2,C,100,Rajahmundry
1036,Rohit,Female,17,9,B,52,95,84,43,52,326,65.2,C,100,Hyderabad
1037,Sneha,Male,15,10,C,81,72,74,70,61,358,71.6,B,91,Hyderabad
1038,Aparna,Male,17,9,B,37,45,81,73,59,295,59.0,D,98,Guntur
1039,Divya,Female,17,8,A,64,94,36,44,88,326,65.2,C,75,Vijayawada
1040,Divya,Male,18,10,A,62,79,62,82,42,327,65.4,C,83,Vijayawada
1041,Anjali,Male,16,9,B,64,63,77,68,59,331,66.2,C,91,Guntur
1042,Sai,Female,18,9,C,46,55,77,39,82,299,59.8,D,87,Hyderabad
1043,Anjali,Male,17,8,A,74,76,59,43,92,344,68.8,C,82,Hyderabad
1044,Aparna,Male,16,8,C,88,75,50,38,83,334,66.8,C,93,Vizag
1045,Anjali,Female,16,10,C,55,94,45,71,99,364,72.8,B,78,Vizag
1046,Priya,Male,15,10,B,98,62,80,47,81,368,73.6,B,95,Hyderabad
1047,Rohit,Male,16,10,A,45,81,35,88,99,348,69.6,C,78,Vijayawada
1048,Anjali,Female,17,10,A,40,98,58,40,74,310,62.0,C,94,Hyderabad
1049,Kiran,Female,17,9,A,91,39,87,74,52,343,68.6,C,78,Vijayawada
1050,Anjali,Female,15,8,B,80,56,84,55,93,368,73.6,B,78,Vijayawada
1051,Sneha,Male,18,9,C,76,62,90,91,39,358,71.6,B,90,Vizag
1052,Arjun,Female,16,10,B,71,97,66,95,74,403,80.6,A,81,Guntur
1053,Anjali,Male,17,8,B,37,96,99,66,46,344,68.8,C,85,Guntur
1054,Priya,Male,16,10,B,38,69,85,42,55,289,57.8,D,89,Rajahmundry
1055,Arjun,Male,15,8,C,96,78,77,90,56,397,79.4,B,77,Hyderabad
1056,Kiran,Male,16,8,C,67,40,70,74,61,312,62.4,C,84,Vizag
1057,Rohit,Female,15,10,C,94,82,78,64,60,378,75.6,B,84,Rajahmundry
1058,Priya,Female,17,8,C,81,44,95,37,59,316,63.2,C,93,Vijayawada
1059,Divya,Male,16,10,A,84,41,72,92,93,382,76.4,B,88,Vijayawada
1060,Aparna,Female,17,8,C,66,54,53,75,45,293,58.6,D,85,Hyderabad
1061,Anjali,Female,18,9,B,99,98,85,82,68,432,86.4,A,90,Hyderabad
1062,Rahul,Female,18,8,B,82,55,41,50,40,268,53.6,D,83,Vijayawada
1063,Aparna,Male,15,8,B,95,75,84,37,72,363,72.6,B,84,Vijayawada
1064,Rohit,Male,15,10,A,100,46,66,88,70,370,74.0,B,86,Vijayawada
1065,Anjali,Male,18,8,B,37,93,52,91,85,358,71.6,B,91,Guntur
1066,Sneha,Male,17,9,C,45,52,56,83,60,296,59.2,D,80,Guntur
1067,Anjali,Female,15,8,B,87,66,87,44,89,373,74.6,B,77,Vizag
1068,Rohit,Male,15,10,B,88,40,80,46,44,298,59.6,D,76,Hyderabad
1069,Arjun,Male,16,10,C,54,82,83,80,75,374,74.8,B,93,Vizag
1070,Aparna,Male,17,9,B,45,62,70,35,60,272,54.4,D,97,Guntur
1071,Priya,Female,18,9,A,81,36,49,48,90,304,60.8,C,92,Vizag
1072,Sai,Male,17,9,B,60,68,44,42,50,264,52.8,D,81,Hyderabad
1073,Arjun,Female,15,10,A,53,51,97,66,73,340,68.0,C,96,Guntur
1074,Priya,Female,18,9,B,76,51,68,84,69,348,69.6,C,97,Vizag
1075,Priya,Female,17,9,B,46,52,40,67,43,248,49.6,F,81,Rajahmundry
1076,Rohit,Female,16,10,C,96,59,76,94,80,405,81.0,A,94,Hyderabad
1077,Rahul,Male,15,10,A,75,75,42,99,45,336,67.2,C,89,Hyderabad
1078,Divya,Female,16,9,C,77,40,52,93,36,298,59.6,D,100,Hyderabad
1079,Sneha,Male,18,10,A,52,67,81,70,46,316,63.2,C,96,Guntur
1080,Arjun,Male,15,10,A,71,40,48,54,86,299,59.8,D,86,Hyderabad
1081,Anjali,Female,16,10,C,37,96,56,88,100,377,75.4,B,97,Vijayawada
1082,Sai,Male,16,8,C,89,45,67,64,88,353,70.6,B,90,Rajahmundry
1083,Kiran,Male,15,10,A,96,40,70,91,53,350,70.0,B,99,Vijayawada
1084,Aparna,Male,15,8,A,36,35,45,35,64,215,43.0,F,93,Hyderabad
1085,Kiran,Male,18,9,A,66,44,51,86,74,321,64.2,C,89,Vijayawada
1086,Rohit,Female,16,10,A,97,49,83,67,96,392,78.4,B,79,Guntur
1087,Arjun,Female,17,9,A,65,58,94,53,83,353,70.6,B,89,Vijayawada
1088,Arjun,Male,17,9,C,71,39,43,78,92,323,64.6,C,81,Rajahmundry
1089,Aparna,Male,15,9,C,52,53,81,78,72,336,67.2,C,89,Rajahmundry
1090,Sneha,Female,17,8,A,72,84,88,87,49,380,76.0,B,98,Rajahmundry
1091,Aparna,Female,16,8,A,98,48,67,90,42,345,69.0,C,97,Guntur
1092,Rahul,Male,17,10,C,80,45,86,89,35,335,67.0,C,99,Hyderabad
1093,Rohit,Male,18,10,B,58,90,85,84,98,415,83.0,A,95,Rajahmundry
1094,Rohit,Male,15,10,C,79,66,92,69,87,393,78.6,B,83,Vijayawada
1095,Arjun,Male,16,10,C,47,68,80,40,39,274,54.8,D,87,Rajahmundry
1096,Rahul,Male,16,9,C,66,47,53,53,83,302,60.4,C,89,Hyderabad
1097,Arjun,Male,18,10,A,69,39,89,95,50,342,68.4,C,81,Vijayawada
1098,Rohit,Female,16,9,C,60,72,91,56,63,342,68.4,C,80,Guntur
1099,Aparna,Female,17,9,C,67,94,49,75,95,380,76.0,B,75,Guntur
1100,Arjun,Male,16,8,A,61,51,35,82,86,315,63.0,C,75,Guntur
1101,Rahul,Female,18,8,B,79,68,85,35,43,310,62.0,C,84,Hyderabad
1102,Sai,Male,16,10,C,72,39,39,37,91,278,55.6,D,76,Guntur
1103,Arjun,Male,17,9,C,77,82,52,37,97,345,69.0,C,94,Rajahmundry
1104,Aparna,Male,17,8,B,57,65,80,62,67,331,66.2,C,91,Guntur
1105,Sai,Female,16,10,C,75,44,36,87,84,326,65.2,C,82,Vijayawada
1106,Sneha,Female,16,9,C,36,49,61,37,63,246,49.2,F,96,Rajahmundry
1107,Sneha,Male,17,10,B,97,72,74,60,60,363,72.6,B,91,Vizag
1108,Aparna,Female,15,9,C,82,84,93,94,79,432,86.4,A,98,Vizag
1109,Rahul,Female,18,9,C,39,94,48,53,58,292,58.4,D,84,Vijayawada
1110,Rahul,Male,16,9,B,62,74,66,83,78,363,72.6,B,81,Guntur
1111,Anjali,Male,17,9,B,50,87,55,98,96,386,77.2,B,92,Vijayawada
1112,Priya,Male,18,10,A,100,88,84,59,88,419,83.8,A,85,Hyderabad
1113,Anjali,Female,17,8,B,84,70,51,94,59,358,71.6,B,85,Hyderabad
1114,Rohit,Male,18,10,B,96,97,42,35,47,317,63.4,C,100,Vizag
1115,Priya,Male,18,10,A,88,49,77,43,77,334,66.8,C,98,Vijayawada
1116,Anjali,Male,16,8,C,81,95,94,39,95,404,80.8,A,90,Hyderabad
1117,Priya,Female,18,9,A,59,74,85,36,55,309,61.8,C,87,Rajahmundry
1118,Rahul,Male,18,10,A,40,94,88,63,37,322,64.4,C,96,Vijayawada
1119,Sneha,Male,16,8,A,56,96,42,48,50,292,58.4,D,97,Rajahmundry
1120,Arjun,Female,15,9,C,44,92,55,44,49,284,56.8,D,93,Vijayawada
1121,Arjun,Male,17,8,A,85,89,35,76,97,382,76.4,B,83,Hyderabad
1122,Priya,Male,15,9,B,72,57,87,97,61,374,74.8,B,96,Guntur
1123,Sneha,Female,17,8,C,51,55,47,58,50,261,52.2,D,76,Hyderabad
1124,Anjali,Female,15,10,B,40,51,92,41,88,312,62.4,C,99,Rajahmundry
1125,Rohit,Male,17,9,B,64,57,38,94,45,298,59.6,D,77,Guntur
1126,Rahul,Male,15,9,A,85,89,98,70,58,400,80.0,A,100,Hyderabad
1127,Anjali,Male,17,9,A,45,67,49,49,38,248,49.6,F,93,Rajahmundry
1128,Kiran,Female,18,9,B,48,60,86,84,71,349,69.8,C,95,Rajahmundry
1129,Aparna,Male,16,9,C,94,52,89,73,99,407,81.4,A,100,Vizag
1130,Sneha,Male,15,9,A,58,67,83,49,81,338,67.6,C,89,Vijayawada
1131,Aparna,Female,17,10,A,35,53,58,91,72,309,61.8,C,78,Vijayawada
1132,Anjali,Male,16,8,B,97,67,51,52,97,364,72.8,B,91,Hyderabad
1133,Sai,Male,18,9,A,48,76,99,82,48,353,70.6,B,99,Hyderabad
1134,Sneha,Female,17,9,A,83,96,70,49,35,333,66.6,C,84,Guntur
1135,Kiran,Male,17,9,C,98,59,56,94,73,380,76.0,B,75,Rajahmundry
1136,Anjali,Male,16,9,B,79,69,59,83,89,379,75.8,B,82,Rajahmundry
1137,Divya,Male,16,9,B,97,100,88,54,98,437,87.4,A,82,Hyderabad
1138,Rahul,Male,15,9,C,81,83,54,62,79,359,71.8,B,83,Guntur
1139,Rahul,Male,17,8,B,78,66,95,97,75,411,82.2,A,89,Vijayawada
1140,Priya,Male,16,9,B,99,54,99,46,61,359,71.8,B,87,Guntur
1141,Anjali,Male,18,8,B,69,65,88,59,42,323,64.6,C,85,Rajahmundry
1142,Sneha,Male,16,9,A,56,97,67,88,84,392,78.4,B,89,Guntur
1143,Divya,Male,15,10,C,92,53,66,54,88,353,70.6,B,94,Guntur
1144,Rahul,Male,17,8,A,73,70,71,100,78,392,78.4,B,82,Vizag
1145,Kiran,Male,18,9,B,46,45,50,55,43,239,47.8,F,78,Vizag
1146,Divya,Female,17,8,B,62,79,53,77,76,347,69.4,C,85,Vijayawada
1147,Sneha,Female,17,10,C,42,97,36,44,93,312,62.4,C,87,Rajahmundry
1148,Divya,Female,15,10,C,53,35,44,90,77,299,59.8,D,96,Hyderabad
1149,Aparna,Male,16,9,A,52,76,36,60,87,311,62.2,C,80,Vijayawada
1150,Kiran,Female,16,9,B,72,51,92,74,38,327,65.4,C,92,Guntur
1151,Kiran,Male,16,9,A,75,47,59,42,35,258,51.6,D,76,Vijayawada
1152,Sai,Female,17,10,A,38,71,90,81,62,342,68.4,C,87,Vijayawada
1153,Arjun,Male,16,9,B,39,50,68,91,53,301,60.2,C,90,Guntur
1154,Rohit,Female,17,8,B,78,86,55,58,77,354,70.8,B,78,Hyderabad
1155,Arjun,Male,18,9,A,71,89,40,74,70,344,68.8,C,76,Vijayawada
1156,Priya,Male,17,9,C,35,60,60,75,79,309,61.8,C,83,Vijayawada
1157,Kiran,Female,16,8,A,50,35,59,63,100,307,61.4,C,86,Vizag
1158,Sneha,Male,15,9,B,64,58,35,80,67,304,60.8,C,98,Hyderabad
1159,Priya,Male,16,8,B,72,52,44,77,51,296,59.2,D,75,Guntur
1160,Sai,Female,17,8,A,57,95,76,65,93,386,77.2,B,87,Vijayawada
1161,Divya,Male,15,8,C,53,90,36,45,48,272,54.4,D,94,Hyderabad
1162,Sneha,Male,17,9,C,67,66,83,65,45,326,65.2,C,94,Hyderabad
1163,Arjun,Male,16,9,B,56,35,49,77,79,296,59.2,D,83,Rajahmundry
1164,Rohit,Female,15,8,C,79,40,66,85,79,349,69.8,C,86,Guntur
1165,Anjali,Female,16,9,C,50,87,45,48,46,276,55.2,D,77,Rajahmundry
1166,Sneha,Male,17,8,C,69,74,46,51,95,335,67.0,C,90,Vizag
1167,Rohit,Female,18,8,C,48,36,57,70,61,272,54.4,D,97,Hyderabad
1168,Priya,Female,15,8,C,44,77,100,97,70,388,77.6,B,78,Guntur
1169,Sai,Male,18,8,B,89,84,41,63,43,320,64.0,C,86,Guntur
1170,Rahul,Female,18,8,A,89,42,40,40,70,281,56.2,D,75,Hyderabad
1171,Rohit,Male,16,8,A,53,96,80,44,45,318,63.6,C,95,Guntur
1172,Sai,Female,15,8,B,53,95,92,76,91,407,81.4,A,83,Guntur
1173,Sai,Male,15,8,A,93,80,68,71,37,349,69.8,C,91,Vizag
1174,Anjali,Male,18,9,B,61,58,50,53,59,281,56.2,D,83,Vizag
1175,Rohit,Female,15,9,B,91,46,53,88,85,363,72.6,B,81,Rajahmundry
1176,Sneha,Male,15,8,B,64,43,36,39,94,276,55.2,D,85,Vijayawada
1177,Rohit,Female,16,8,C,45,66,60,45,82,298,59.6,D,93,Guntur
1178,Aparna,Male,18,8,C,50,79,83,78,86,376,75.2,B,86,Vijayawada
1179,Sneha,Female,18,8,C,51,44,83,95,62,335,67.0,C,88,Guntur
1180,Rahul,Male,15,8,B,70,55,67,80,95,367,73.4,B,95,Vizag
1181,Priya,Female,17,8,A,48,72,71,56,75,322,64.4,C,98,Vijayawada
1182,Rahul,Male,15,8,B,93,86,66,85,58,388,77.6,B,90,Guntur
1183,Anjali,Female,16,10,C,74,66,43,90,42,315,63.0,C,99,Vizag
1184,Sneha,Female,15,10,B,65,46,90,69,67,337,67.4,C,80,Hyderabad
1185,Divya,Female,17,10,A,100,51,56,59,99,365,73.0,B,88,Hyderabad
1186,Divya,Male,15,9,B,69,79,98,60,36,342,68.4,C,95,Vizag
1187,Aparna,Female,16,9,B,99,41,60,97,72,369,73.8,B,88,Rajahmundry
1188,Kiran,Male,18,8,A,96,45,89,81,84,395,79.0,B,76,Vijayawada
1189,Sai,Female,17,9,C,99,77,100,66,46,388,77.6,B,99,Rajahmundry
1190,Anjali,Male,15,9,B,36,91,75,74,68,344,68.8,C,84,Hyderabad
1191,Rohit,Male,17,8,B,57,91,73,87,56,364,72.8,B,80,Guntur
1192,Rahul,Female,18,8,C,46,42,75,82,51,296,59.2,D,80,Vijayawada
1193,Priya,Male,16,10,B,73,58,97,58,64,350,70.0,B,90,Vijayawada
1194,Arjun,Male,18,9,A,64,84,73,56,82,359,71.8,B,97,Guntur
1195,Rahul,Female,16,10,C,78,37,36,60,67,278,55.6,D,92,Vijayawada
1196,Divya,Male,16,10,C,60,66,51,39,88,304,60.8,C,93,Vijayawada
1197,Sneha,Male,17,10,C,77,81,63,39,58,318,63.6,C,78,Guntur
1198,Sai,Female,17,9,B,76,38,72,54,38,278,55.6,D,76,Rajahmundry
1199,Kiran,Male,16,9,C,81,45,86,88,90,390,78.0,B,78,Vijayawada
1200,Rahul,Male,17,10,C,38,63,53,53,82,289,57.8,D,79,Rajahmundry
1201,Kiran,Male,16,10,B,100,64,69,99,88,420,84.0,A,95,Vizag
1202,Sai,Female,16,9,C,78,75,73,92,100,418,83.6,A,96,Guntur
1203,Sneha,Male,18,10,A,73,60,44,46,63,286,57.2,D,77,Rajahmundry
1204,Sneha,Female,17,8,B,47,42,73,45,49,256,51.2,D,80,Guntur
1205,Rohit,Female,16,10,B,37,39,87,49,99,311,62.2,C,88,Rajahmundry
1206,Rahul,Female,18,10,A,66,58,61,77,97,359,71.8,B,98,Rajahmundry
1207,Kiran,Male,15,9,A,46,75,89,91,37,338,67.6,C,91,Rajahmundry
1208,Priya,Male,15,10,A,51,77,62,97,78,365,73.0,B,89,Vizag
1209,Rohit,Female,17,9,A,96,70,40,88,61,355,71.0,B,92,Vijayawada
1210,Aparna,Male,17,9,B,86,94,70,73,73,396,79.2,B,79,Hyderabad
1211,Rohit,Female,15,10,B,68,40,75,60,61,304,60.8,C,96,Guntur
1212,Rohit,Male,18,8,B,94,67,66,56,76,359,71.8,B,93,Guntur
1213,Arjun,Female,16,9,B,73,69,38,38,53,271,54.2,D,81,Guntur
1214,Anjali,Male,15,9,C,57,66,80,89,58,350,70.0,B,80,Vijayawada
1215,Priya,Female,17,8,B,85,46,73,77,56,337,67.4,C,76,Rajahmundry
1216,Divya,Male,16,9,B,86,38,85,99,77,385,77.0,B,85,Hyderabad
1217,Sai,Female,18,10,A,89,68,86,50,67,360,72.0,B,85,Vijayawada
1218,Arjun,Male,16,9,C,63,71,95,55,63,347,69.4,C,83,Vijayawada
1219,Priya,Male,15,10,A,50,43,85,43,64,285,57.0,D,98,Vijayawada
1220,Rohit,Male,17,10,B,41,48,100,88,70,347,69.4,C,91,Vijayawada
1221,Sai,Male,15,10,A,70,85,94,78,37,364,72.8,B,99,Guntur
1222,Priya,Female,15,10,A,55,40,53,75,66,289,57.8,D,84,Guntur
1223,Divya,Male,15,9,B,44,46,36,51,80,257,51.4,D,86,Hyderabad
1224,Kiran,Female,15,8,A,35,56,81,36,56,264,52.8,D,79,Vizag
1225,Rohit,Male,16,9,B,48,49,94,37,48,276,55.2,D,92,Hyderabad
1226,Sai,Male,17,9,A,44,65,81,72,37,299,59.8,D,98,Guntur
1227,Rahul,Female,17,9,B,67,51,97,80,42,337,67.4,C,96,Hyderabad
1228,Sneha,Male,16,9,B,73,51,94,76,89,383,76.6,B,90,Vizag
1229,Divya,Male,17,10,C,99,60,53,73,89,374,74.8,B,88,Vijayawada
1230,Anjali,Male,17,8,B,60,42,67,93,36,298,59.6,D,82,Guntur
1231,Rahul,Male,17,9,B,40,63,76,100,64,343,68.6,C,91,Rajahmundry
1232,Sneha,Female,15,8,B,69,93,87,71,38,358,71.6,B,94,Vizag
1233,Rahul,Female,18,9,A,57,100,84,44,84,369,73.8,B,75,Hyderabad
1234,Rohit,Female,15,8,B,46,52,65,64,93,320,64.0,C,91,Rajahmundry
1235,Anjali,Female,18,9,A,76,100,53,55,61,345,69.0,C,81,Guntur
1236,Divya,Male,15,8,C,58,97,92,40,38,325,65.0,C,96,Rajahmundry
1237,Sneha,Male,17,9,B,85,87,40,84,96,392,78.4,B,91,Vizag
1238,Anjali,Female,18,9,A,38,70,94,38,59,299,59.8,D,98,Guntur
1239,Rohit,Female,17,10,A,92,39,66,42,65,304,60.8,C,86,Vijayawada
1240,Divya,Male,16,10,B,67,73,84,46,84,354,70.8,B,94,Rajahmundry
1241,Rahul,Female,17,10,C,56,83,81,78,36,334,66.8,C,93,Rajahmundry
1242,Aparna,Male,18,10,C,81,64,98,36,40,319,63.8,C,83,Guntur
1243,Arjun,Male,17,9,C,55,39,36,79,93,302,60.4,C,83,Hyderabad
1244,Divya,Male,17,9,C,59,39,59,81,93,331,66.2,C,85,Vijayawada
1245,Priya,Female,18,9,A,50,58,97,92,53,350,70.0,B,99,Vijayawada
1246,Priya,Female,18,10,B,82,96,50,45,44,317,63.4,C,86,Hyderabad
1247,Rahul,Male,15,9,C,43,35,35,47,61,221,44.2,F,77,Hyderabad
1248,Arjun,Male,18,10,C,77,41,45,75,47,285,57.0,D,92,Vijayawada
1249,Rahul,Male,16,8,C,41,82,59,54,60,296,59.2,D,76,Rajahmundry
1250,Divya,Female,17,9,B,61,73,89,68,45,336,67.2,C,96,Guntur
1251,Kiran,Male,15,8,B,90,89,61,82,83,405,81.0,A,82,Hyderabad
1252,Anjali,Male,16,9,A,65,86,83,43,93,370,74.0,B,93,Vijayawada
1253,Anjali,Female,17,10,A,71,87,96,94,87,435,87.0,A,99,Hyderabad
1254,Rahul,Male,18,9,B,91,38,70,74,63,336,67.2,C,97,Vizag
1255,Rohit,Male,18,8,C,70,84,40,76,94,364,72.8,B,99,Vijayawada
1256,Rahul,Female,16,10,C,39,74,62,97,70,342,68.4,C,77,Rajahmundry
1257,Aparna,Female,17,10,A,80,79,90,37,76,362,72.4,B,79,Rajahmundry
1258,Aparna,Male,17,9,C,88,42,47,61,61,299,59.8,D,88,Vijayawada
1259,Divya,Female,15,8,C,62,41,88,37,84,312,62.4,C,96,Vijayawada
1260,Rahul,Female,16,9,C,65,48,87,67,55,322,64.4,C,80,Rajahmundry
1261,Sneha,Male,18,10,B,60,83,36,92,63,334,66.8,C,84,Vijayawada
1262,Divya,Male,15,9,A,85,71,72,52,64,344,68.8,C,96,Vizag
1263,Sneha,Female,18,8,C,63,93,79,89,42,366,73.2,B,75,Rajahmundry
1264,Rahul,Male,16,9,C,69,51,62,73,62,317,63.4,C,91,Vizag
1265,Kiran,Female,15,10,C,72,92,80,75,97,416,83.2,A,96,Vizag
1266,Rahul,Male,18,8,A,95,72,97,48,94,406,81.2,A,94,Hyderabad
1267,Anjali,Male,17,10,B,92,44,84,75,99,394,78.8,B,100,Rajahmundry
1268,Rohit,Female,18,9,C,93,36,41,41,69,280,56.0,D,79,Vijayawada
1269,Sai,Male,18,9,B,53,84,38,57,74,306,61.2,C,96,Guntur
1270,Rohit,Female,17,10,B,92,80,38,62,46,318,63.6,C,78,Hyderabad
1271,Anjali,Female,16,9,A,89,89,63,73,53,367,73.4,B,75,Vizag
1272,Aparna,Female,16,8,B,42,84,76,81,73,356,71.2,B,98,Rajahmundry
1273,Sai,Female,18,9,B,45,46,47,76,36,250,50.0,D,80,Hyderabad
1274,Sneha,Male,16,8,B,95,85,100,85,39,404,80.8,A,82,Rajahmundry
1275,Priya,Female,15,10,A,63,94,38,76,54,325,65.0,C,80,Rajahmundry
1276,Kiran,Female,17,10,C,94,38,65,46,43,286,57.2,D,80,Vijayawada
1277,Divya,Male,18,8,A,61,48,83,65,69,326,65.2,C,83,Rajahmundry
1278,Sneha,Male,18,10,A,89,90,83,70,70,402,80.4,A,86,Rajahmundry
1279,Sneha,Female,15,9,C,51,46,86,88,90,361,72.2,B,87,Vijayawada
1280,Sai,Male,15,9,A,54,43,74,77,55,303,60.6,C,75,Guntur
1281,Rahul,Male,18,9,B,75,71,60,41,75,322,64.4,C,76,Vizag
1282,Sai,Male,17,9,C,38,67,81,73,61,320,64.0,C,97,Hyderabad
1283,Divya,Male,17,8,C,37,86,92,98,50,363,72.6,B,75,Vijayawada
1284,Priya,Male,16,9,C,52,37,64,83,64,300,60.0,C,75,Rajahmundry
1285,Anjali,Female,15,10,A,99,71,52,62,85,369,73.8,B,86,Vijayawada
1286,Anjali,Male,15,10,B,60,46,82,56,79,323,64.6,C,98,Vizag
1287,Rohit,Male,17,8,A,48,60,97,52,92,349,69.8,C,91,Guntur
1288,Priya,Male,17,10,B,54,61,73,84,40,312,62.4,C,97,Rajahmundry
1289,Kiran,Male,18,8,C,98,61,53,46,60,318,63.6,C,82,Guntur
1290,Priya,Female,18,10,B,94,93,91,74,83,435,87.0,A,78,Guntur
1291,Divya,Female,17,10,B,73,57,57,74,89,350,70.0,B,84,Rajahmundry
1292,Sai,Female,15,10,C,73,94,53,60,47,327,65.4,C,83,Hyderabad
1293,Sai,Male,16,10,C,96,37,61,56,65,315,63.0,C,97,Vizag
1294,Aparna,Male,15,8,A,64,65,100,42,66,337,67.4,C,81,Hyderabad
1295,Aparna,Male,15,10,C,96,51,69,100,97,413,82.6,A,88,Guntur
1296,Rohit,Female,18,10,A,75,61,35,82,39,292,58.4,D,100,Hyderabad
1297,Aparna,Male,17,8,B,40,90,93,49,94,366,73.2,B,98,Vizag
1298,Arjun,Male,18,10,C,98,41,81,82,84,386,77.2,B,75,Hyderabad
1299,Priya,Male,17,8,B,89,66,69,98,50,372,74.4,B,91,Hyderabad
1300,Sai,Female,18,8,B,77,51,54,81,48,311,62.2,C,99,Hyderabad
1301,Rahul,Male,15,10,C,75,40,67,52,79,313,62.6,C,87,Vijayawada
1302,Sai,Female,16,9,A,38,84,60,42,50,274,54.8,D,80,Vijayawada
1303,Rahul,Male,17,9,C,59,41,73,47,93,313,62.6,C,82,Vijayawada
1304,Aparna,Female,15,10,A,97,60,43,39,45,284,56.8,D,85,Hyderabad
1305,Rahul,Male,16,8,B,42,88,56,100,54,340,68.0,C,86,Guntur
1306,Rahul,Male,17,10,B,67,40,61,71,100,339,67.8,C,89,Vijayawada
1307,Rohit,Female,15,8,B,50,41,52,60,43,246,49.2,F,78,Rajahmundry
1308,Arjun,Female,15,10,C,62,62,83,67,99,373,74.6,B,87,Vijayawada
1309,Rahul,Female,18,9,C,49,76,55,38,100,318,63.6,C,79,Rajahmundry
1310,Aparna,Female,17,10,C,54,70,54,39,41,258,51.6,D,91,Hyderabad
1311,Arjun,Female,17,9,A,97,96,61,76,98,428,85.6,A,99,Vijayawada
1312,Sai,Male,15,8,C,76,66,83,44,92,361,72.2,B,82,Hyderabad
1313,Rahul,Female,16,10,A,54,69,81,78,45,327,65.4,C,81,Vijayawada
1314,Rohit,Male,18,9,B,69,40,91,95,49,344,68.8,C,99,Guntur
1315,Arjun,Female,15,9,C,89,38,71,47,96,341,68.2,C,83,Vijayawada
1316,Aparna,Male,18,8,A,37,69,74,77,85,342,68.4,C,95,Vijayawada
1317,Anjali,Male,16,8,B,71,82,85,91,75,404,80.8,A,91,Vizag
1318,Rahul,Female,15,10,A,77,72,90,62,89,390,78.0,B,76,Vijayawada
1319,Sneha,Male,15,10,A,48,63,74,58,61,304,60.8,C,87,Vizag
1320,Priya,Female,15,10,A,94,66,45,82,89,376,75.2,B,75,Guntur
1321,Aparna,Female,16,8,C,39,70,71,62,35,277,55.4,D,80,Vijayawada
1322,Priya,Male,15,8,C,83,79,71,93,98,424,84.8,A,98,Vizag
1323,Rahul,Female,17,9,C,70,35,66,40,42,253,50.6,D,75,Rajahmundry
1324,Priya,Male,16,9,C,92,72,84,46,57,351,70.2,B,80,Hyderabad
1325,Kiran,Female,17,8,C,72,95,82,83,94,426,85.2,A,100,Guntur
1326,Arjun,Female,15,8,C,53,35,63,65,94,310,62.0,C,92,Vijayawada
1327,Rohit,Female,15,10,C,60,82,90,86,72,390,78.0,B,84,Vizag
1328,Rahul,Male,17,10,C,90,39,83,96,42,350,70.0,B,81,Hyderabad
1329,Sneha,Female,18,8,C,39,54,51,76,61,281,56.2,D,84,Guntur
1330,Anjali,Female,16,8,B,82,50,35,39,36,242,48.4,F,79,Vizag
1331,Arjun,Male,17,9,C,40,51,41,73,48,253,50.6,D,81,Vijayawada
1332,Sneha,Male,17,8,C,78,50,58,88,98,372,74.4,B,93,Hyderabad
1333,Rahul,Female,16,9,C,81,42,52,55,74,304,60.8,C,85,Vijayawada
1334,Sneha,Female,18,9,B,50,55,36,47,69,257,51.4,D,80,Hyderabad
1335,Arjun,Female,17,8,B,84,69,63,88,97,401,80.2,A,76,Hyderabad
1336,Rohit,Male,17,9,A,62,48,45,64,94,313,62.6,C,95,Vizag
1337,Rahul,Female,15,8,B,89,40,53,49,64,295,59.0,D,83,Rajahmundry
1338,Sneha,Female,17,9,C,61,70,60,71,84,346,69.2,C,94,Guntur
1339,Aparna,Female,16,10,C,61,35,63,97,94,350,70.0,B,88,Hyderabad
1340,Aparna,Male,16,8,B,72,55,80,70,89,366,73.2,B,90,Hyderabad
1341,Priya,Female,17,9,C,94,88,74,66,68,390,78.0,B,99,Hyderabad
1342,Divya,Female,17,10,A,69,81,93,93,63,399,79.8,B,80,Rajahmundry
1343,Divya,Female,15,9,B,87,40,65,76,99,367,73.4,B,86,Hyderabad
1344,Rohit,Male,17,8,A,81,67,48,81,37,314,62.8,C,81,Guntur
1345,Kiran,Female,15,10,A,97,44,57,73,82,353,70.6,B,82,Vizag
1346,Divya,Male,16,10,A,67,88,41,74,83,353,70.6,B,98,Hyderabad
1347,Sai,Female,17,9,A,70,92,35,93,53,343,68.6,C,79,Vizag
1348,Anjali,Female,15,10,B,40,79,54,86,60,319,63.8,C,75,Hyderabad
1349,Rohit,Female,15,9,B,35,60,55,81,75,306,61.2,C,82,Guntur
1350,Priya,Male,17,8,A,42,69,84,91,65,351,70.2,B,93,Rajahmundry
1351,Rahul,Female,15,10,C,68,46,90,87,80,371,74.2,B,87,Rajahmundry
1352,Anjali,Female,15,9,A,87,57,75,67,84,370,74.0,B,80,Hyderabad
1353,Anjali,Female,15,10,C,49,42,35,43,54,223,44.6,F,89,Hyderabad
1354,Rahul,Female,17,9,A,36,80,70,52,81,319,63.8,C,77,Vijayawada
1355,Aparna,Male,15,8,A,70,81,82,49,62,344,68.8,C,96,Vizag
1356,Rahul,Male,18,10,A,35,39,52,79,85,290,58.0,D,98,Rajahmundry
1357,Anjali,Female,18,10,C,37,57,39,52,50,235,47.0,F,90,Hyderabad
1358,Priya,Female,17,10,C,52,99,68,42,64,325,65.0,C,89,Vizag
1359,Priya,Male,18,8,B,74,51,43,76,79,323,64.6,C,75,Vizag
1360,Anjali,Male,18,8,B,79,47,54,37,98,315,63.0,C,86,Guntur
1361,Anjali,Female,15,9,A,49,90,82,54,68,343,68.6,C,96,Guntur
1362,Priya,Female,17,8,B,44,47,86,48,90,315,63.0,C,77,Guntur
1363,Sai,Female,15,10,A,73,54,84,62,91,364,72.8,B,93,Hyderabad
1364,Priya,Female,18,8,A,44,56,54,37,86,277,55.4,D,86,Hyderabad
1365,Divya,Female,17,8,A,70,85,46,88,77,366,73.2,B,86,Vijayawada
1366,Rohit,Male,18,9,C,60,67,81,92,57,357,71.4,B,81,Rajahmundry
1367,Aparna,Female,16,9,A,79,72,78,79,72,380,76.0,B,97,Vijayawada
1368,Aparna,Female,16,8,B,87,58,62,65,40,312,62.4,C,86,Guntur
1369,Aparna,Female,15,9,A,88,76,63,41,48,316,63.2,C,98,Vizag
1370,Sai,Male,15,8,A,55,53,39,72,59,278,55.6,D,81,Hyderabad
1371,Anjali,Male,16,10,A,41,66,38,77,87,309,61.8,C,98,Vijayawada
1372,Priya,Female,17,8,C,83,62,87,99,36,367,73.4,B,76,Guntur
1373,Priya,Male,15,9,C,59,47,80,39,92,317,63.4,C,88,Vizag
1374,Aparna,Male,15,9,A,41,50,82,66,50,289,57.8,D,82,Vijayawada
1375,Anjali,Male,18,10,C,92,92,65,59,50,358,71.6,B,99,Rajahmundry
1376,Aparna,Female,16,8,C,64,68,99,46,76,353,70.6,B,82,Vizag
1377,Rahul,Female,15,10,A,93,42,35,79,49,298,59.6,D,88,Vijayawada
1378,Aparna,Male,15,10,C,99,84,48,54,92,377,75.4,B,97,Hyderabad
1379,Sneha,Male,16,9,A,60,37,74,68,83,322,64.4,C,78,Guntur
1380,Kiran,Male,17,10,C,100,96,66,71,82,415,83.0,A,91,Guntur
1381,Anjali,Male,16,8,C,80,59,35,58,58,290,58.0,D,88,Rajahmundry
1382,Aparna,Male,15,8,A,38,71,36,96,88,329,65.8,C,84,Vizag
1383,Rahul,Female,18,8,C,88,100,36,85,47,356,71.2,B,93,Vijayawada
1384,Priya,Female,18,8,B,54,39,52,87,65,297,59.4,D,79,Hyderabad
1385,Sai,Male,18,9,A,74,99,73,36,78,360,72.0,B,76,Vizag
1386,Arjun,Male,15,9,A,37,76,82,100,56,351,70.2,B,79,Rajahmundry
1387,Sneha,Male,18,8,C,50,89,41,65,57,302,60.4,C,96,Vizag
1388,Sneha,Male,15,10,C,48,77,96,61,95,377,75.4,B,78,Vizag
1389,Rohit,Male,18,9,B,36,59,62,87,50,294,58.8,D,86,Hyderabad
1390,Sai,Female,17,10,C,83,44,54,43,82,306,61.2,C,83,Vijayawada
1391,Sai,Female,15,9,C,49,93,39,48,69,298,59.6,D,82,Vijayawada
1392,Rahul,Male,16,9,C,47,65,93,86,47,338,67.6,C,95,Vizag
1393,Divya,Male,17,10,C,64,80,82,67,48,341,68.2,C,89,Vijayawada
1394,Arjun,Male,15,8,C,56,75,63,81,90,365,73.0,B,97,Rajahmundry
1395,Rohit,Female,18,10,C,57,68,81,81,57,344,68.8,C,78,Guntur
1396,Anjali,Male,18,10,C,42,40,96,93,38,309,61.8,C,90,Hyderabad
1397,Priya,Male,18,10,B,100,54,66,81,57,358,71.6,B,99,Vizag
1398,Anjali,Male,17,9,C,85,90,49,55,76,355,71.0,B,95,Vizag
1399,Anjali,Female,15,10,A,77,78,75,51,51,332,66.4,C,77,Hyderabad
1400,Arjun,Male,18,9,B,39,57,96,37,59,288,57.6,D,75,Vizag
1401,Sai,Female,15,9,A,58,41,42,97,96,334,66.8,C,89,Vizag
1402,Priya,Male,18,8,B,84,84,44,81,39,332,66.4,C,84,Guntur
1403,Sneha,Female,15,9,A,82,55,42,49,79,307,61.4,C,76,Vijayawada
1404,Aparna,Male,18,8,C,39,56,84,35,98,312,62.4,C,98,Vizag
1405,Sneha,Female,18,10,B,47,53,66,41,96,303,60.6,C,77,Rajahmundry
1406,Divya,Male,17,9,A,44,100,96,54,35,329,65.8,C,83,Rajahmundry
1407,Sai,Female,15,9,B,77,70,60,43,97,347,69.4,C,81,Vijayawada
1408,Divya,Male,16,8,B,73,97,96,62,93,421,84.2,A,85,Vijayawada
1409,Aparna,Male,18,8,A,90,74,88,55,45,352,70.4,B,90,Hyderabad
1410,Arjun,Female,17,8,B,94,80,73,95,45,387,77.4,B,97,Vijayawada
1411,Divya,Male,17,8,A,45,75,97,89,36,342,68.4,C,90,Guntur
1412,Aparna,Female,16,8,C,38,80,91,62,68,339,67.8,C,93,Vizag
1413,Kiran,Female,18,9,C,70,39,88,63,78,338,67.6,C,93,Vizag
1414,Sai,Female,16,8,C,52,91,58,69,82,352,70.4,B,94,Hyderabad
1415,Divya,Male,18,10,C,70,70,43,89,45,317,63.4,C,90,Hyderabad
1416,Divya,Male,17,10,B,77,81,77,95,78,408,81.6,A,75,Vijayawada
1417,Rahul,Female,15,8,A,38,67,70,46,59,280,56.0,D,84,Vijayawada
1418,Divya,Female,17,10,B,81,62,70,74,81,368,73.6,B,90,Rajahmundry
1419,Anjali,Female,17,10,B,96,51,36,71,89,343,68.6,C,81,Rajahmundry
1420,Rohit,Male,18,9,C,65,79,92,97,72,405,81.0,A,99,Guntur
1421,Priya,Female,16,9,A,35,35,42,70,89,271,54.2,D,87,Rajahmundry
1422,Sai,Female,16,10,B,75,61,99,96,84,415,83.0,A,97,Hyderabad
1423,Divya,Male,18,8,A,37,59,40,100,47,283,56.6,D,76,Hyderabad
1424,Sneha,Male,17,8,B,78,91,44,37,83,333,66.6,C,81,Vijayawada
1425,Sneha,Female,16,9,B,90,97,70,52,97,406,81.2,A,89,Rajahmundry
1426,Rahul,Male,16,10,A,73,35,94,66,93,361,72.2,B,90,Vizag
1427,Rohit,Female,17,8,C,63,100,64,63,89,379,75.8,B,90,Hyderabad
1428,Rahul,Male,18,10,B,53,55,99,72,45,324,64.8,C,93,Vijayawada
1429,Anjali,Male,15,10,A,45,47,46,52,90,280,56.0,D,88,Rajahmundry
1430,Sneha,Male,18,9,C,69,80,67,94,35,345,69.0,C,97,Rajahmundry
1431,Aparna,Male,15,10,B,84,46,57,75,89,351,70.2,B,89,Rajahmundry
1432,Arjun,Female,16,9,A,91,63,60,92,87,393,78.6,B,81,Vizag
1433,Sai,Male,16,10,A,48,95,42,64,67,316,63.2,C,77,Rajahmundry
1434,Sai,Male,16,10,A,62,92,100,47,93,394,78.8,B,87,Vizag
1435,Arjun,Male,18,9,C,89,78,90,67,94,418,83.6,A,86,Vijayawada
1436,Divya,Female,18,9,C,59,68,57,51,91,326,65.2,C,91,Vijayawada
1437,Divya,Female,17,9,B,49,88,63,51,68,319,63.8,C,75,Vijayawada
1438,Arjun,Male,17,8,C,67,83,89,96,82,417,83.4,A,80,Hyderabad
1439,Aparna,Female,16,10,B,100,40,61,76,82,359,71.8,B,75,Rajahmundry
1440,Sai,Female,18,9,B,56,94,39,96,97,382,76.4,B,78,Vizag
1441,Anjali,Female,17,10,B,69,63,75,79,47,333,66.6,C,76,Vizag
1442,Divya,Male,18,9,C,84,54,71,88,85,382,76.4,B,93,Guntur
1443,Sneha,Female,18,10,A,86,91,90,36,89,392,78.4,B,93,Hyderabad
1444,Arjun,Male,15,8,B,80,77,86,46,39,328,65.6,C,87,Vijayawada
1445,Sneha,Female,17,9,C,65,49,67,47,95,323,64.6,C,96,Vizag
1446,Arjun,Female,18,8,B,94,62,59,62,68,345,69.0,C,83,Vijayawada
1447,Rahul,Male,16,10,A,53,45,42,57,84,281,56.2,D,78,Vizag
1448,Divya,Male,17,8,B,68,41,65,82,47,303,60.6,C,95,Vijayawada
1449,Priya,Female,17,9,A,73,61,43,74,50,301,60.2,C,98,Guntur
1450,Sneha,Female,17,10,B,61,47,73,39,89,309,61.8,C,97,Rajahmundry
1451,Divya,Male,18,8,A,89,65,51,63,90,358,71.6,B,97,Guntur
1452,Rohit,Male,18,8,C,41,35,57,72,79,284,56.8,D,95,Vijayawada
1453,Divya,Male,17,10,B,87,74,40,71,57,329,65.8,C,96,Vizag
1454,Rahul,Female,17,8,A,78,91,66,52,69,356,71.2,B,94,Guntur
1455,Sneha,Female,16,10,A,78,64,68,60,79,349,69.8,C,87,Guntur
1456,Divya,Male,16,10,C,77,38,73,41,72,301,60.2,C,79,Guntur
1457,Sneha,Male,18,9,B,57,38,73,48,41,257,51.4,D,86,Guntur
1458,Kiran,Male,16,10,C,93,47,68,35,93,336,67.2,C,85,Rajahmundry
1459,Arjun,Female,15,8,A,47,61,81,77,73,339,67.8,C,96,Vijayawada
1460,Aparna,Male,16,10,C,100,54,73,99,71,397,79.4,B,95,Guntur
1461,Kiran,Male,15,9,C,67,92,50,78,39,326,65.2,C,98,Rajahmundry
1462,Divya,Female,17,9,C,41,41,69,79,63,293,58.6,D,80,Hyderabad
1463,Sai,Male,17,8,C,98,49,48,43,78,316,63.2,C,95,Rajahmundry
1464,Aparna,Male,16,9,B,63,66,88,59,81,357,71.4,B,88,Guntur
1465,Aparna,Female,17,8,C,93,35,37,43,42,250,50.0,D,88,Hyderabad
1466,Sai,Male,18,9,A,44,99,69,94,54,360,72.0,B,82,Guntur
1467,Priya,Female,18,10,A,77,51,66,70,70,334,66.8,C,79,Vijayawada
1468,Kiran,Male,15,10,C,56,63,50,69,84,322,64.4,C,86,Vizag
1469,Kiran,Female,17,10,A,48,52,62,72,70,304,60.8,C,88,Vijayawada
1470,Rahul,Male,18,9,A,79,48,100,48,69,344,68.8,C,94,Guntur
1471,Aparna,Female,17,9,C,65,56,38,80,97,336,67.2,C,93,Guntur
1472,Priya,Female,15,8,C,38,80,92,47,57,314,62.8,C,97,Hyderabad
1473,Sneha,Female,15,9,B,94,96,41,52,98,381,76.2,B,75,Vizag
1474,Sneha,Female,15,10,C,52,47,65,61,67,292,58.4,D,89,Hyderabad
1475,Kiran,Female,18,10,B,96,48,69,48,64,325,65.0,C,91,Vijayawada
1476,Priya,Male,18,10,B,42,51,88,89,49,319,63.8,C,79,Guntur
1477,Arjun,Male,18,9,C,51,50,87,79,60,327,65.4,C,90,Hyderabad
1478,Rahul,Female,17,8,C,83,58,38,78,98,355,71.0,B,94,Rajahmundry
1479,Arjun,Male,15,8,C,83,76,73,62,47,341,68.2,C,83,Rajahmundry
1480,Sneha,Male,16,10,B,50,62,84,39,83,318,63.6,C,80,Vijayawada
1481,Anjali,Male,17,8,B,76,89,97,98,79,439,87.8,A,89,Guntur
1482,Sneha,Male,17,9,A,86,39,38,54,61,278,55.6,D,91,Hyderabad
1483,Rohit,Male,15,8,B,44,60,83,46,87,320,64.0,C,79,Rajahmundry
1484,Divya,Male,17,8,A,75,88,54,96,78,391,78.2,B,86,Vizag
1485,Anjali,Male,16,9,C,100,64,80,45,65,354,70.8,B,91,Rajahmundry
1486,Sai,Male,17,9,B,36,81,64,96,52,329,65.8,C,92,Guntur
1487,Aparna,Male,17,9,B,40,81,71,94,75,361,72.2,B,85,Guntur
1488,Kiran,Male,18,9,C,81,45,98,58,57,339,67.8,C,97,Guntur
1489,Aparna,Female,15,9,B,100,70,54,57,65,346,69.2,C,82,Vizag
1490,Aparna,Female,18,10,C,55,44,76,47,61,283,56.6,D,81,Vijayawada
1491,Kiran,Male,17,10,C,47,54,59,50,100,310,62.0,C,99,Vizag
1492,Sai,Male,17,9,A,41,46,47,37,54,225,45.0,F,82,Vizag
1493,Rahul,Female,17,8,B,93,46,98,59,59,355,71.0,B,80,Vijayawada
1494,Rahul,Male,18,10,C,99,73,62,62,85,381,76.2,B,91,Rajahmundry
1495,Priya,Female,15,10,C,48,74,66,79,45,312,62.4,C,91,Rajahmundry
1496,Divya,Female,17,10,B,61,85,78,99,85,408,81.6,A,92,Guntur
1497,Divya,Female,17,10,B,46,57,43,91,75,312,62.4,C,76,Guntur
1498,Anjali,Male,18,9,A,59,76,95,82,64,376,75.2,B,85,Guntur
1499,Kiran,Female,18,8,C,70,59,79,72,87,367,73.4,B,94,Vizag
1500,Aparna,Female,17,8,A,96,56,39,80,81,352,70.4,B,95,Vizag
1501,Sai,Female,18,8,B,92,66,84,36,66,344,68.8,C,91,Vizag
1502,Rohit,Male,15,10,A,75,63,83,41,71,333,66.6,C,75,Hyderabad
1503,Sai,Female,15,8,B,76,73,50,89,38,326,65.2,C,94,Vizag
1504,Anjali,Male,16,8,A,51,59,66,39,98,313,62.6,C,93,Rajahmundry
1505,Aparna,Male,16,10,A,56,84,87,74,82,383,76.6,B,82,Hyderabad
1506,Aparna,Male,18,8,B,64,95,48,99,96,402,80.4,A,90,Rajahmundry
1507,Aparna,Female,15,8,B,60,89,84,40,67,340,68.0,C,92,Vizag
1508,Arjun,Female,18,8,A,92,60,59,42,52,305,61.0,C,88,Rajahmundry
1509,Priya,Female,16,10,B,39,80,59,96,53,327,65.4,C,99,Vijayawada
1510,Rahul,Female,15,9,A,85,50,90,42,97,364,72.8,B,80,Guntur
1511,Rahul,Female,18,10,A,88,70,71,85,55,369,73.8,B,87,Hyderabad
1512,Rohit,Male,16,9,A,59,54,78,91,68,350,70.0,B,94,Guntur
1513,Anjali,Female,16,10,A,64,57,67,62,78,328,65.6,C,94,Guntur
1514,Divya,Female,18,10,A,77,72,65,95,46,355,71.0,B,99,Rajahmundry
1515,Arjun,Male,15,9,B,82,91,50,60,61,344,68.8,C,81,Vijayawada
1516,Rohit,Male,16,9,B,53,90,73,57,95,368,73.6,B,82,Rajahmundry
1517,Divya,Male,18,9,C,71,99,48,50,75,343,68.6,C,93,Guntur
1518,Rahul,Female,15,8,B,49,95,46,67,66,323,64.6,C,86,Vijayawada
1519,Sneha,Male,18,8,C,69,63,100,94,93,419,83.8,A,91,Rajahmundry
1520,Priya,Female,17,8,C,85,84,94,40,79,382,76.4,B,80,Vijayawada
1521,Sneha,Male,17,8,B,73,99,84,40,54,350,70.0,B,86,Guntur
1522,Sai,Male,18,10,A,84,74,89,56,91,394,78.8,B,97,Vijayawada
1523,Rahul,Male,16,8,A,59,84,46,43,61,293,58.6,D,97,Guntur
1524,Rohit,Male,17,10,A,66,35,54,98,94,347,69.4,C,87,Vijayawada
1525,Aparna,Male,17,9,A,70,74,95,47,64,350,70.0,B,79,Hyderabad
1526,Arjun,Female,18,9,A,47,44,52,75,63,281,56.2,D,97,Vizag
1527,Divya,Female,18,8,A,76,37,84,84,94,375,75.0,B,85,Hyderabad
1528,Divya,Male,18,10,B,44,82,47,52,94,319,63.8,C,79,Rajahmundry
1529,Kiran,Male,15,10,A,43,36,87,67,59,292,58.4,D,79,Vijayawada
1530,Sneha,Female,17,9,C,75,55,49,63,58,300,60.0,C,80,Vijayawada
1531,Sneha,Female,18,8,C,95,86,83,49,72,385,77.0,B,75,Guntur
1532,Aparna,Female,16,8,C,70,77,45,47,39,278,55.6,D,78,Vijayawada
1533,Anjali,Male,15,8,C,54,72,49,65,47,287,57.4,D,85,Vizag
1534,Kiran,Female,16,10,B,48,54,45,86,52,285,57.0,D,76,Vizag
1535,Rohit,Female,18,10,B,36,86,36,36,93,287,57.4,D,87,Vijayawada
1536,Rahul,Male,18,10,C,61,35,79,86,57,318,63.6,C,76,Vijayawada
1537,Sai,Female,17,8,C,66,86,65,53,53,323,64.6,C,89,Guntur
1538,Arjun,Female,18,8,B,65,55,35,96,55,306,61.2,C,100,Guntur
1539,Sneha,Female,15,8,B,48,55,56,53,44,256,51.2,D,89,Vizag
1540,Rohit,Male,18,10,B,46,87,78,92,92,395,79.0,B,80,Vijayawada
1541,Priya,Female,17,8,A,83,70,44,59,37,293,58.6,D,89,Vijayawada
1542,Sai,Male,17,9,A,36,89,67,46,65,303,60.6,C,78,Rajahmundry
1543,Arjun,Male,15,10,C,49,86,99,80,50,364,72.8,B,96,Hyderabad
1544,Rohit,Female,18,8,C,58,62,47,79,39,285,57.0,D,90,Rajahmundry
1545,Sneha,Female,18,9,A,37,97,97,51,100,382,76.4,B,96,Hyderabad
1546,Divya,Male,17,10,C,82,82,93,98,70,425,85.0,A,77,Guntur
1547,Divya,Female,17,8,C,38,64,64,57,99,322,64.4,C,91,Rajahmundry
1548,Rahul,Male,15,10,A,92,49,72,71,58,342,68.4,C,99,Guntur
1549,Kiran,Male,17,10,B,73,59,70,82,61,345,69.0,C,93,Vizag
1550,Rahul,Male,15,9,C,37,46,93,99,80,355,71.0,B,84,Guntur
1551,Sai,Female,17,10,B,87,44,43,42,55,271,54.2,D,79,Vizag
1552,Rahul,Female,17,9,C,64,64,67,75,52,322,64.4,C,87,Rajahmundry
1553,Sai,Female,16,10,A,57,90,76,89,55,367,73.4,B,87,Rajahmundry
1554,Sai,Female,17,9,B,38,36,94,38,70,276,55.2,D,100,Vizag
1555,Sneha,Female,15,9,B,86,61,38,92,84,361,72.2,B,80,Vijayawada
1556,Aparna,Male,18,9,A,95,88,55,75,35,348,69.6,C,96,Rajahmundry
1557,Rahul,Male,17,8,A,83,71,61,48,84,347,69.4,C,91,Guntur
1558,Divya,Female,18,9,C,58,60,72,91,93,374,74.8,B,92,Vizag
1559,Priya,Male,17,10,C,88,95,73,56,85,397,79.4,B,90,Hyderabad
1560,Sneha,Female,16,8,B,90,97,89,47,94,417,83.4,A,91,Rajahmundry
1561,Sai,Male,17,8,A,96,98,80,66,58,398,79.6,B,89,Vizag
1562,Anjali,Female,16,8,C,74,65,61,73,79,352,70.4,B,93,Rajahmundry
1563,Rahul,Female,16,8,A,99,55,98,37,87,376,75.2,B,77,Rajahmundry
1564,Kiran,Female,18,10,C,63,65,77,70,92,367,73.4,B,87,Rajahmundry
1565,Rohit,Female,18,9,B,59,78,62,83,39,321,64.2,C,80,Hyderabad
1566,Priya,Male,17,10,A,76,56,57,71,56,316,63.2,C,95,Rajahmundry
1567,Rohit,Male,18,9,B,45,70,48,57,99,319,63.8,C,79,Hyderabad
1568,Rohit,Female,16,9,B,41,45,71,73,39,269,53.8,D,89,Vizag
1569,Aparna,Female,16,10,A,98,83,39,70,66,356,71.2,B,78,Rajahmundry
1570,Rohit,Male,18,10,A,37,93,96,63,100,389,77.8,B,89,Hyderabad
1571,Rahul,Female,17,9,C,88,71,63,48,61,331,66.2,C,77,Vizag
1572,Kiran,Female,16,8,B,95,89,88,65,79,416,83.2,A,81,Vijayawada
1573,Sneha,Male,16,10,A,51,77,43,65,52,288,57.6,D,93,Rajahmundry
1574,Aparna,Male,17,8,B,71,87,82,49,41,330,66.0,C,88,Hyderabad
1575,Sneha,Female,16,10,A,69,58,44,59,72,302,60.4,C,77,Rajahmundry
1576,Kiran,Female,17,9,C,98,72,89,49,61,369,73.8,B,87,Rajahmundry
1577,Arjun,Male,17,9,C,42,48,77,91,49,307,61.4,C,84,Guntur
1578,Anjali,Male,18,9,A,62,68,91,80,62,363,72.6,B,75,Hyderabad
1579,Arjun,Male,15,8,B,76,76,79,83,64,378,75.6,B,89,Vijayawada
1580,Arjun,Male,15,10,C,69,75,50,73,87,354,70.8,B,95,Vizag
1581,Kiran,Male,15,10,B,61,94,65,43,49,312,62.4,C,79,Vijayawada
1582,Anjali,Male,15,8,A,53,89,70,90,81,383,76.6,B,79,Vijayawada
1583,Rohit,Male,16,8,C,84,67,57,46,51,305,61.0,C,75,Vijayawada
1584,Arjun,Male,17,8,C,96,42,39,67,84,328,65.6,C,75,Vizag
1585,Kiran,Female,16,10,B,37,97,85,44,83,346,69.2,C,82,Vizag
1586,Kiran,Female,16,8,B,80,72,89,52,60,353,70.6,B,92,Guntur
1587,Rahul,Male,16,9,A,61,90,61,69,35,316,63.2,C,77,Guntur
1588,Rohit,Male,15,9,A,96,42,80,64,57,339,67.8,C,97,Vijayawada
1589,Anjali,Female,16,10,B,74,96,90,63,35,358,71.6,B,96,Rajahmundry
1590,Sneha,Female,18,10,C,44,86,69,52,36,287,57.4,D,86,Rajahmundry
1591,Divya,Female,16,10,C,42,98,81,53,73,347,69.4,C,100,Guntur
1592,Rahul,Male,18,9,B,76,77,95,45,37,330,66.0,C,81,Hyderabad
1593,Arjun,Male,16,10,B,87,96,54,83,85,405,81.0,A,79,Vizag
1594,Aparna,Female,18,8,B,70,66,83,70,35,324,64.8,C,90,Rajahmundry
1595,Sneha,Female,15,10,A,71,43,95,51,97,357,71.4,B,96,Rajahmundry
1596,Rohit,Male,17,8,C,78,92,38,48,72,328,65.6,C,83,Rajahmundry
1597,Divya,Female,16,9,C,49,71,57,98,63,338,67.6,C,85,Rajahmundry
1598,Divya,Female,16,9,B,60,92,90,95,58,395,79.0,B,85,Guntur
1599,Rahul,Male,18,10,C,90,63,95,76,74,398,79.6,B,93,Rajahmundry
1600,Kiran,Female,18,8,C,94,75,50,86,89,394,78.8,B,89,Rajahmundry
1601,Rahul,Female,17,9,C,39,90,81,78,94,382,76.4,B,79,Vizag
1602,Priya,Female,16,10,B,54,56,95,77,60,342,68.4,C,100,Vijayawada
1603,Anjali,Male,17,10,B,51,59,48,67,59,284,56.8,D,81,Guntur
1604,Rohit,Female,16,9,A,66,93,71,65,96,391,78.2,B,90,Guntur
1605,Rohit,Male,17,9,A,96,44,97,97,63,397,79.4,B,84,Hyderabad
1606,Anjali,Male,15,10,B,64,55,65,98,49,331,66.2,C,86,Guntur
1607,Rahul,Female,16,8,C,68,58,95,54,64,339,67.8,C,84,Vizag
1608,Rahul,Female,18,10,B,51,50,47,97,96,341,68.2,C,88,Vijayawada
1609,Priya,Female,16,9,A,50,60,88,63,69,330,66.0,C,77,Guntur
1610,Rahul,Female,18,10,C,35,37,42,91,89,294,58.8,D,100,Hyderabad
1611,Rahul,Male,18,9,C,40,92,48,88,67,335,67.0,C,78,Vizag
1612,Kiran,Male,16,10,B,52,90,53,42,89,326,65.2,C,91,Rajahmundry
1613,Aparna,Female,17,9,C,63,57,84,62,63,329,65.8,C,79,Hyderabad
1614,Sneha,Female,16,8,C,98,40,98,49,99,384,76.8,B,82,Guntur
1615,Priya,Female,16,8,C,65,42,55,98,78,338,67.6,C,86,Hyderabad
1616,Rahul,Male,17,9,C,64,72,60,62,51,309,61.8,C,77,Vizag
1617,Aparna,Female,15,8,A,68,77,90,73,84,392,78.4,B,84,Rajahmundry
1618,Sai,Female,15,9,B,45,90,63,100,79,377,75.4,B,82,Rajahmundry
1619,Kiran,Male,16,10,C,65,62,87,86,45,345,69.0,C,89,Vizag
1620,Aparna,Male,15,8,A,39,47,89,41,61,277,55.4,D,77,Hyderabad
1621,Rohit,Male,17,8,A,51,98,88,98,45,380,76.0,B,94,Vijayawada
1622,Sai,Male,16,8,B,93,55,60,92,45,345,69.0,C,85,Rajahmundry
1623,Kiran,Female,17,10,B,49,69,70,80,56,324,64.8,C,85,Vijayawada
1624,Divya,Female,15,10,B,72,89,70,67,83,381,76.2,B,95,Vijayawada
1625,Arjun,Male,17,10,C,63,76,69,46,49,303,60.6,C,77,Hyderabad
1626,Priya,Male,16,10,C,44,72,48,95,70,329,65.8,C,82,Vizag
1627,Aparna,Male,18,8,B,42,49,73,76,71,311,62.2,C,85,Rajahmundry
1628,Rohit,Female,17,10,A,63,40,56,88,67,314,62.8,C,92,Hyderabad
1629,Sneha,Male,18,9,B,69,64,76,84,60,353,70.6,B,76,Vijayawada
1630,Kiran,Female,16,8,A,56,72,66,98,72,364,72.8,B,75,Vizag
1631,Arjun,Female,17,10,C,77,36,90,43,38,284,56.8,D,84,Vijayawada
1632,Priya,Male,17,10,C,61,88,91,64,46,350,70.0,B,86,Vizag
1633,Divya,Male,15,8,A,37,48,80,53,80,298,59.6,D,76,Hyderabad
1634,Divya,Male,18,8,B,75,36,73,96,62,342,68.4,C,93,Vizag
1635,Anjali,Male,17,9,C,70,87,35,78,90,360,72.0,B,89,Vizag
1636,Divya,Female,16,10,C,89,65,47,97,35,333,66.6,C,92,Vizag
1637,Sai,Female,17,9,A,47,100,69,37,96,349,69.8,C,100,Vizag
1638,Anjali,Male,17,8,C,77,87,80,50,51,345,69.0,C,97,Vijayawada
1639,Rahul,Female,15,9,A,40,82,35,85,66,308,61.6,C,98,Guntur
1640,Rahul,Male,15,10,C,43,92,53,48,39,275,55.0,D,93,Vizag
1641,Rohit,Male,17,10,A,72,55,66,80,64,337,67.4,C,80,Hyderabad
1642,Kiran,Male,16,8,A,98,57,74,68,64,361,72.2,B,78,Vizag
1643,Sai,Male,15,9,B,65,83,95,47,74,364,72.8,B,97,Rajahmundry
1644,Priya,Female,18,9,A,79,88,71,40,79,357,71.4,B,76,Hyderabad
1645,Kiran,Female,18,10,B,49,89,77,95,84,394,78.8,B,94,Hyderabad
1646,Rahul,Male,17,8,C,51,71,79,61,67,329,65.8,C,89,Hyderabad
1647,Aparna,Female,17,9,C,40,43,56,45,41,225,45.0,F,78,Hyderabad
1648,Kiran,Male,15,8,C,52,70,69,79,37,307,61.4,C,93,Guntur
1649,Sai,Male,18,10,C,46,92,88,50,40,316,63.2,C,100,Rajahmundry
1650,Sai,Male,17,10,A,80,42,75,44,92,333,66.6,C,79,Vijayawada
1651,Divya,Female,17,10,A,48,53,73,82,90,346,69.2,C,84,Vizag
1652,Aparna,Male,17,9,C,44,41,40,59,45,229,45.8,F,99,Vijayawada
1653,Sneha,Female,15,10,A,53,82,85,83,99,402,80.4,A,99,Hyderabad
1654,Sneha,Male,18,10,A,59,60,95,55,58,327,65.4,C,86,Hyderabad
1655,Priya,Female,17,10,A,83,78,73,74,66,374,74.8,B,81,Vijayawada
1656,Rohit,Female,16,10,B,96,82,80,77,60,395,79.0,B,83,Vijayawada
1657,Aparna,Female,18,8,B,77,65,55,87,65,349,69.8,C,94,Vijayawada
1658,Aparna,Male,18,8,C,86,76,38,49,83,332,66.4,C,76,Guntur
1659,Rohit,Female,18,8,A,68,54,84,52,55,313,62.6,C,78,Hyderabad
1660,Arjun,Male,16,8,B,45,43,87,74,79,328,65.6,C,82,Guntur
1661,Rohit,Female,16,8,B,50,92,60,79,72,353,70.6,B,98,Guntur
1662,Aparna,Male,17,8,B,70,53,78,70,78,349,69.8,C,77,Vijayawada
1663,Anjali,Female,16,8,B,85,71,38,62,80,336,67.2,C,84,Hyderabad
1664,Arjun,Female,16,10,B,84,91,84,41,86,386,77.2,B,94,Vizag
1665,Sai,Male,15,8,A,63,42,75,79,97,356,71.2,B,87,Vizag
1666,Sai,Male,16,8,C,82,37,72,83,74,348,69.6,C,92,Guntur
1667,Aparna,Male,15,10,B,77,38,98,44,93,350,70.0,B,93,Vijayawada
1668,Sneha,Male,15,9,B,72,70,72,73,48,335,67.0,C,82,Rajahmundry
1669,Aparna,Male,16,8,B,74,61,47,51,59,292,58.4,D,81,Hyderabad
1670,Rahul,Male,17,9,A,50,62,53,43,64,272,54.4,D,97,Guntur
1671,Arjun,Male,15,8,C,44,40,58,38,77,257,51.4,D,77,Hyderabad
1672,Sai,Male,16,9,B,60,58,99,76,52,345,69.0,C,100,Vizag
1673,Anjali,Female,17,8,A,57,81,65,37,88,328,65.6,C,83,Rajahmundry
1674,Rohit,Male,16,8,C,84,37,80,77,81,359,71.8,B,87,Guntur
1675,Priya,Female,17,9,B,43,68,77,42,100,330,66.0,C,97,Guntur
1676,Kiran,Female,18,8,C,94,74,92,80,52,392,78.4,B,93,Vizag
1677,Rahul,Male,17,9,B,57,44,49,75,63,288,57.6,D,99,Rajahmundry
1678,Arjun,Female,15,9,A,44,72,47,59,87,309,61.8,C,77,Hyderabad
1679,Priya,Male,15,8,C,73,67,52,64,43,299,59.8,D,86,Guntur
1680,Rohit,Female,18,10,A,45,69,56,52,43,265,53.0,D,83,Rajahmundry
1681,Arjun,Male,15,8,A,81,85,44,38,42,290,58.0,D,95,Guntur
1682,Anjali,Female,18,9,A,72,88,52,39,41,292,58.4,D,89,Guntur
1683,Arjun,Female,15,10,C,84,78,82,39,96,379,75.8,B,91,Hyderabad
1684,Arjun,Male,18,10,A,45,78,88,74,39,324,64.8,C,75,Rajahmundry
1685,Rahul,Female,16,9,C,42,69,44,64,55,274,54.8,D,85,Vijayawada
1686,Divya,Male,17,10,A,76,87,88,88,98,437,87.4,A,100,Vijayawada
1687,Priya,Female,15,10,C,60,71,56,49,77,313,62.6,C,80,Hyderabad
1688,Anjali,Female,18,9,B,88,49,44,95,87,363,72.6,B,81,Rajahmundry
1689,Rohit,Male,15,8,C,59,93,50,49,55,306,61.2,C,92,Hyderabad
1690,Arjun,Male,18,9,B,92,84,79,79,56,390,78.0,B,100,Vizag
1691,Arjun,Male,18,10,B,90,60,46,44,77,317,63.4,C,78,Vijayawada
1692,Priya,Male,16,10,C,70,72,45,88,59,334,66.8,C,79,Rajahmundry
1693,Sai,Male,18,9,C,67,95,76,71,63,372,74.4,B,89,Hyderabad
1694,Arjun,Male,16,10,B,75,96,57,68,58,354,70.8,B,94,Guntur
1695,Anjali,Female,16,10,B,54,51,66,77,54,302,60.4,C,82,Guntur
1696,Anjali,Male,16,8,C,88,77,84,64,55,368,73.6,B,75,Vizag
1697,Sai,Male,16,9,B,66,59,63,48,59,295,59.0,D,84,Guntur
1698,Rahul,Female,16,10,A,64,85,44,66,92,351,70.2,B,99,Rajahmundry
1699,Arjun,Female,15,8,B,64,94,78,44,79,359,71.8,B,93,Guntur
1700,Divya,Female,18,10,C,48,60,38,75,88,309,61.8,C,91,Vijayawada
1701,Sneha,Male,15,10,B,90,66,78,75,67,376,75.2,B,96,Hyderabad
1702,Divya,Male,16,9,A,53,95,49,73,100,370,74.0,B,94,Vizag
1703,Sai,Male,16,10,A,76,35,78,93,40,322,64.4,C,92,Hyderabad
1704,Aparna,Male,18,9,B,82,48,43,94,44,311,62.2,C,82,Rajahmundry
1705,Rahul,Male,16,8,B,61,95,62,82,35,335,67.0,C,88,Rajahmundry
1706,Aparna,Male,15,8,B,64,47,86,98,53,348,69.6,C,75,Rajahmundry
1707,Sneha,Female,16,8,A,98,82,79,84,74,417,83.4,A,95,Vizag
1708,Divya,Female,17,9,B,95,60,82,100,100,437,87.4,A,92,Vijayawada
1709,Arjun,Female,18,8,A,41,67,36,68,56,268,53.6,D,86,Rajahmundry
1710,Anjali,Female,15,10,A,39,42,43,39,46,209,41.8,F,99,Guntur
1711,Kiran,Male,17,10,C,75,89,56,54,41,315,63.0,C,81,Rajahmundry
1712,Divya,Male,18,8,B,77,82,85,91,92,427,85.4,A,84,Vizag
1713,Sneha,Male,15,10,B,83,36,82,63,86,350,70.0,B,85,Guntur
1714,Rahul,Female,17,9,C,55,79,81,52,73,340,68.0,C,84,Vizag
1715,Kiran,Female,18,9,B,97,54,100,41,37,329,65.8,C,79,Guntur
1716,Sai,Male,15,8,C,50,46,99,67,78,340,68.0,C,90,Vijayawada
1717,Anjali,Female,16,8,A,42,59,51,48,90,290,58.0,D,100,Rajahmundry
1718,Sneha,Male,15,10,B,49,100,99,38,94,380,76.0,B,83,Rajahmundry
1719,Priya,Female,16,10,A,88,96,89,100,90,463,92.6,A+,87,Guntur
1720,Divya,Male,16,8,B,60,65,40,48,93,306,61.2,C,94,Guntur
1721,Divya,Female,17,9,C,46,98,78,92,89,403,80.6,A,88,Vijayawada
1722,Sai,Female,15,8,C,38,67,54,60,87,306,61.2,C,92,Rajahmundry
1723,Priya,Male,15,9,C,80,94,35,56,46,311,62.2,C,92,Rajahmundry
1724,Anjali,Female,16,8,C,78,79,81,36,94,368,73.6,B,80,Guntur
1725,Priya,Male,17,9,A,84,85,94,76,89,428,85.6,A,82,Hyderabad
1726,Arjun,Male,18,10,C,76,67,97,43,93,376,75.2,B,85,Vizag
1727,Divya,Male,17,8,B,35,40,89,45,46,255,51.0,D,97,Hyderabad
1728,Anjali,Male,17,8,B,82,77,81,43,75,358,71.6,B,90,Vizag
1729,Rahul,Male,18,9,B,83,62,91,52,46,334,66.8,C,81,Hyderabad
1730,Sai,Male,17,10,C,40,52,49,84,49,274,54.8,D,87,Guntur
1731,Arjun,Male,17,8,A,40,56,99,60,96,351,70.2,B,82,Vijayawada
1732,Rahul,Male,18,9,B,94,38,47,94,36,309,61.8,C,85,Rajahmundry
1733,Divya,Female,17,8,B,59,35,73,62,70,299,59.8,D,86,Guntur
1734,Rahul,Female,15,9,A,79,63,58,61,52,313,62.6,C,83,Hyderabad
1735,Priya,Female,17,10,A,87,82,48,62,52,331,66.2,C,77,Vijayawada
1736,Rahul,Female,18,10,B,67,53,81,94,99,394,78.8,B,83,Guntur
1737,Aparna,Male,18,9,C,94,64,69,75,63,365,73.0,B,93,Hyderabad
1738,Priya,Female,16,8,B,40,43,46,83,77,289,57.8,D,98,Vijayawada
1739,Rahul,Female,17,8,A,46,88,46,52,77,309,61.8,C,85,Guntur
1740,Rohit,Male,18,9,B,57,56,37,87,78,315,63.0,C,85,Rajahmundry
1741,Sneha,Male,17,9,A,60,62,39,58,40,259,51.8,D,85,Vizag
1742,Sai,Female,18,9,B,46,74,61,87,61,329,65.8,C,81,Guntur
1743,Kiran,Male,16,10,A,94,87,94,35,38,348,69.6,C,86,Hyderabad
1744,Priya,Male,16,8,C,95,82,57,52,68,354,70.8,B,77,Hyderabad
1745,Anjali,Male,17,10,A,86,49,66,45,99,345,69.0,C,100,Vijayawada
1746,Anjali,Male,15,9,C,88,36,36,88,95,343,68.6,C,79,Hyderabad
1747,Sneha,Male,17,9,B,45,39,42,85,100,311,62.2,C,77,Hyderabad
1748,Priya,Male,18,9,B,74,38,48,37,88,285,57.0,D,96,Guntur
1749,Priya,Female,15,9,C,89,82,67,57,42,337,67.4,C,85,Vijayawada
1750,Sneha,Female,18,8,A,55,65,68,88,58,334,66.8,C,94,Vijayawada
1751,Kiran,Male,16,10,C,76,75,86,92,83,412,82.4,A,85,Hyderabad
1752,Aparna,Female,16,10,C,93,77,58,52,39,319,63.8,C,91,Vijayawada
1753,Sai,Female,18,10,C,81,37,40,67,38,263,52.6,D,94,Guntur
1754,Anjali,Male,17,9,B,57,68,99,68,54,346,69.2,C,75,Rajahmundry
1755,Arjun,Male,18,9,C,51,98,67,37,100,353,70.6,B,77,Guntur
1756,Rohit,Female,18,9,C,48,68,92,95,78,381,76.2,B,80,Guntur
1757,Anjali,Male,18,9,B,63,66,81,63,60,333,66.6,C,97,Hyderabad
1758,Kiran,Female,16,8,B,55,51,36,39,80,261,52.2,D,90,Guntur
1759,Anjali,Female,15,8,A,36,94,94,36,62,322,64.4,C,80,Vizag
1760,Rahul,Female,18,8,B,65,75,69,86,50,345,69.0,C,75,Hyderabad
1761,Arjun,Female,17,8,A,36,62,98,88,81,365,73.0,B,81,Guntur
1762,Priya,Female,15,10,A,45,82,78,52,46,303,60.6,C,85,Rajahmundry
1763,Sai,Female,16,10,B,90,77,76,44,92,379,75.8,B,91,Vizag
1764,Arjun,Female,15,9,A,62,65,49,54,93,323,64.6,C,85,Rajahmundry
1765,Kiran,Female,16,10,A,48,90,66,49,37,290,58.0,D,86,Hyderabad
1766,Priya,Male,16,9,A,72,89,92,71,95,419,83.8,A,94,Vijayawada
1767,Arjun,Male,17,8,B,64,52,97,66,94,373,74.6,B,84,Vizag
1768,Sneha,Male,17,8,A,71,84,97,78,65,395,79.0,B,89,Vijayawada
1769,Priya,Male,18,8,C,58,83,79,64,67,351,70.2,B,87,Hyderabad
1770,Priya,Female,15,9,B,81,71,51,35,77,315,63.0,C,98,Vizag
1771,Aparna,Male,18,8,A,81,50,56,50,93,330,66.0,C,99,Rajahmundry
1772,Divya,Male,18,10,C,66,45,87,94,41,333,66.6,C,77,Hyderabad
1773,Kiran,Female,16,10,A,85,97,48,95,42,367,73.4,B,88,Vizag
1774,Priya,Female,16,10,B,93,36,63,41,77,310,62.0,C,91,Hyderabad
1775,Aparna,Male,15,9,B,50,51,83,65,35,284,56.8,D,89,Hyderabad
1776,Rahul,Female,18,10,A,48,46,80,99,98,371,74.2,B,78,Vizag
1777,Sai,Male,16,9,B,64,36,92,88,95,375,75.0,B,95,Vijayawada
1778,Kiran,Female,17,8,C,78,56,38,78,67,317,63.4,C,80,Rajahmundry
1779,Aparna,Male,15,8,A,89,79,97,63,77,405,81.0,A,93,Rajahmundry
1780,Kiran,Female,18,8,C,77,58,54,50,98,337,67.4,C,77,Vijayawada
1781,Aparna,Female,16,8,B,72,83,87,63,59,364,72.8,B,87,Rajahmundry
1782,Rahul,Male,15,10,C,64,65,79,36,49,293,58.6,D,75,Vijayawada
1783,Priya,Male,16,9,A,48,92,37,98,66,341,68.2,C,99,Guntur
1784,Anjali,Female,17,8,A,61,36,97,49,64,307,61.4,C,80,Hyderabad
1785,Aparna,Female,15,8,A,83,87,87,87,71,415,83.0,A,78,Rajahmundry
1786,Divya,Female,18,8,B,70,49,79,62,87,347,69.4,C,88,Vizag
1787,Sai,Male,18,10,C,46,56,97,47,89,335,67.0,C,96,Rajahmundry
1788,Arjun,Female,15,10,B,61,86,66,64,61,338,67.6,C,89,Vizag
1789,Anjali,Male,15,10,C,95,86,45,46,91,363,72.6,B,75,Rajahmundry
1790,Sneha,Female,15,8,C,51,60,44,39,61,255,51.0,D,95,Hyderabad
1791,Aparna,Female,16,10,C,50,66,95,57,86,354,70.8,B,87,Guntur
1792,Aparna,Female,16,10,B,42,86,58,58,59,303,60.6,C,86,Vizag
1793,Rahul,Male,15,8,A,54,56,48,89,46,293,58.6,D,97,Guntur
1794,Aparna,Male,15,10,A,48,49,48,85,89,319,63.8,C,82,Hyderabad
1795,Rohit,Female,18,9,A,82,67,60,39,42,290,58.0,D,99,Guntur
1796,Sneha,Male,17,9,A,46,49,44,53,95,287,57.4,D,99,Rajahmundry
1797,Rahul,Female,17,8,B,38,75,57,78,50,298,59.6,D,100,Rajahmundry
1798,Arjun,Male,17,9,B,40,46,76,97,100,359,71.8,B,82,Vijayawada
1799,Rohit,Female,16,10,A,84,45,80,56,37,302,60.4,C,80,Guntur
1800,Sai,Female,15,8,B,85,89,37,79,75,365,73.0,B,96,Hyderabad
1801,Priya,Male,17,8,A,87,71,93,87,38,376,75.2,B,78,Guntur
1802,Kiran,Male,16,9,C,61,37,83,67,87,335,67.0,C,91,Guntur
1803,Rohit,Female,18,9,B,79,100,95,57,92,423,84.6,A,78,Vizag
1804,Anjali,Male,18,8,A,69,86,98,85,88,426,85.2,A,95,Vijayawada
1805,Priya,Male,16,9,C,51,91,77,66,63,348,69.6,C,75,Guntur
1806,Kiran,Female,18,9,B,75,96,68,58,77,374,74.8,B,87,Guntur
1807,Rohit,Male,16,8,A,43,47,91,84,78,343,68.6,C,87,Hyderabad
1808,Sneha,Female,16,9,B,48,56,49,76,52,281,56.2,D,100,Vizag
1809,Rohit,Male,15,10,A,83,74,62,59,44,322,64.4,C,99,Rajahmundry
1810,Kiran,Male,15,10,B,99,45,63,54,50,311,62.2,C,100,Rajahmundry
1811,Sai,Male,15,8,A,83,49,42,84,70,328,65.6,C,86,Vizag
1812,Sai,Male,16,8,B,62,58,61,56,71,308,61.6,C,80,Vijayawada
1813,Aparna,Female,18,9,C,60,97,82,91,74,404,80.8,A,78,Vizag
1814,Anjali,Female,16,9,B,42,66,72,36,39,255,51.0,D,83,Hyderabad
1815,Divya,Female,17,8,B,71,57,82,51,60,321,64.2,C,89,Guntur
1816,Sai,Female,16,8,A,85,35,88,57,48,313,62.6,C,94,Rajahmundry
1817,Divya,Male,18,9,B,73,67,94,58,90,382,76.4,B,90,Hyderabad
1818,Aparna,Female,17,10,A,77,44,75,90,84,370,74.0,B,81,Rajahmundry
1819,Kiran,Female,18,9,C,47,67,71,70,91,346,69.2,C,96,Hyderabad
1820,Arjun,Male,18,9,B,39,35,54,59,38,225,45.0,F,89,Vizag
1821,Priya,Female,16,10,C,43,69,98,97,72,379,75.8,B,87,Rajahmundry
1822,Kiran,Female,18,8,A,46,69,63,48,71,297,59.4,D,98,Vijayawada
1823,Priya,Female,15,9,B,74,68,39,43,74,298,59.6,D,93,Vizag
1824,Rahul,Male,18,8,B,75,95,74,75,64,383,76.6,B,76,Rajahmundry
1825,Arjun,Male,15,10,C,50,37,56,67,53,263,52.6,D,81,Vijayawada
1826,Sai,Female,15,10,C,54,89,72,80,70,365,73.0,B,75,Rajahmundry
1827,Kiran,Male,15,9,C,63,75,45,77,42,302,60.4,C,96,Vizag
1828,Rahul,Female,18,9,C,36,45,46,58,56,241,48.2,F,84,Vijayawada
1829,Aparna,Female,18,10,A,63,65,59,99,45,331,66.2,C,78,Vizag
1830,Aparna,Male,17,9,A,51,83,95,75,57,361,72.2,B,90,Vizag
1831,Anjali,Male,18,10,A,43,56,72,55,94,320,64.0,C,100,Vizag
1832,Anjali,Male,15,8,B,95,51,35,70,91,342,68.4,C,75,Guntur
1833,Aparna,Female,18,9,A,65,51,86,63,53,318,63.6,C,96,Hyderabad
1834,Sneha,Female,15,9,C,84,53,70,72,79,358,71.6,B,98,Vijayawada
1835,Rohit,Male,17,9,B,80,57,76,37,71,321,64.2,C,93,Rajahmundry
1836,Sneha,Male,17,8,B,98,91,78,80,93,440,88.0,A,94,Rajahmundry
1837,Rahul,Male,17,8,B,58,53,61,60,74,306,61.2,C,88,Vizag
1838,Aparna,Female,17,9,A,91,80,83,71,95,420,84.0,A,85,Rajahmundry
1839,Sai,Male,18,8,A,65,90,59,79,57,350,70.0,B,91,Hyderabad
1840,Rahul,Male,18,10,B,87,51,95,56,65,354,70.8,B,76,Guntur
1841,Sneha,Male,15,10,B,70,64,98,79,85,396,79.2,B,77,Rajahmundry
1842,Arjun,Female,18,9,B,86,66,84,96,62,394,78.8,B,80,Vijayawada
1843,Sai,Male,16,8,B,99,49,70,83,42,343,68.6,C,93,Vizag
1844,Kiran,Male,15,9,A,41,87,55,88,49,320,64.0,C,82,Vijayawada
1845,Arjun,Male,17,9,B,50,39,87,93,64,333,66.6,C,83,Vijayawada
1846,Sneha,Female,16,10,B,65,57,35,98,65,320,64.0,C,86,Hyderabad
1847,Aparna,Male,15,8,A,99,43,43,98,60,343,68.6,C,85,Vijayawada
1848,Rohit,Male,17,9,A,80,58,48,82,71,339,67.8,C,93,Vijayawada
1849,Aparna,Female,15,9,A,65,70,52,65,38,290,58.0,D,87,Vizag
1850,Rahul,Female,16,8,A,99,92,71,74,53,389,77.8,B,100,Vizag
1851,Rohit,Female,15,10,A,50,58,68,66,37,279,55.8,D,92,Vijayawada
1852,Priya,Female,18,9,A,79,47,57,93,35,311,62.2,C,93,Guntur
1853,Sneha,Male,15,10,A,79,80,100,96,79,434,86.8,A,97,Rajahmundry
1854,Rahul,Male,15,10,A,54,72,49,41,83,299,59.8,D,84,Vizag
1855,Sneha,Female,18,10,B,69,37,49,71,83,309,61.8,C,88,Hyderabad
1856,Priya,Female,16,8,A,78,78,49,64,86,355,71.0,B,89,Rajahmundry
1857,Priya,Male,16,9,C,84,68,48,96,95,391,78.2,B,86,Rajahmundry
1858,Aparna,Male,16,9,C,83,78,75,43,82,361,72.2,B,76,Vizag
1859,Priya,Male,16,10,B,97,75,54,99,75,400,80.0,A,75,Hyderabad
1860,Aparna,Male,16,8,A,49,36,98,35,88,306,61.2,C,81,Hyderabad
1861,Priya,Female,16,8,A,58,39,98,81,64,340,68.0,C,75,Vizag
1862,Sai,Female,18,9,A,41,90,88,79,48,346,69.2,C,78,Vizag
1863,Kiran,Female,18,8,A,47,89,70,78,85,369,73.8,B,90,Hyderabad
1864,Arjun,Female,16,10,A,42,76,77,67,68,330,66.0,C,81,Vijayawada
1865,Arjun,Female,16,8,A,92,79,61,61,69,362,72.4,B,91,Rajahmundry
1866,Sneha,Female,18,9,A,67,44,72,42,96,321,64.2,C,79,Guntur
1867,Sai,Female,16,10,B,36,38,89,43,64,270,54.0,D,81,Vizag
1868,Sneha,Male,15,9,C,79,95,35,48,52,309,61.8,C,75,Guntur
1869,Rahul,Male,15,10,A,89,97,95,99,68,448,89.6,A,75,Hyderabad
1870,Anjali,Male,15,10,A,85,39,40,81,59,304,60.8,C,87,Hyderabad
1871,Sneha,Female,18,9,B,47,44,91,46,71,299,59.8,D,82,Hyderabad
1872,Sai,Male,16,9,B,70,73,63,46,68,320,64.0,C,83,Guntur
1873,Sneha,Male,15,9,C,90,73,38,97,99,397,79.4,B,96,Guntur
1874,Sneha,Female,18,9,C,71,61,47,98,72,349,69.8,C,87,Vizag
1875,Sneha,Female,16,10,B,70,95,93,80,74,412,82.4,A,78,Vijayawada
1876,Arjun,Female,15,10,B,40,77,59,74,71,321,64.2,C,97,Hyderabad
1877,Priya,Female,16,10,C,76,80,51,39,42,288,57.6,D,77,Vijayawada
1878,Anjali,Male,18,9,B,68,94,78,41,73,354,70.8,B,79,Rajahmundry
1879,Divya,Female,17,9,C,73,86,64,68,87,378,75.6,B,95,Guntur
1880,Kiran,Male,16,9,C,92,69,71,96,90,418,83.6,A,75,Vizag
1881,Sneha,Male,15,9,C,70,83,72,90,39,354,70.8,B,86,Vizag
1882,Sai,Male,18,9,B,42,76,58,61,99,336,67.2,C,100,Rajahmundry
1883,Kiran,Male,16,10,C,39,64,72,69,54,298,59.6,D,98,Hyderabad
1884,Arjun,Female,16,8,B,66,59,62,70,73,330,66.0,C,97,Vizag
1885,Aparna,Male,15,10,C,51,59,50,52,89,301,60.2,C,81,Vijayawada
1886,Kiran,Female,18,9,C,37,75,94,97,43,346,69.2,C,89,Rajahmundry
1887,Rahul,Female,18,10,A,96,43,53,62,46,300,60.0,C,90,Hyderabad
1888,Anjali,Male,17,8,A,48,37,88,82,98,353,70.6,B,91,Vijayawada
1889,Anjali,Male,15,8,A,37,45,91,47,41,261,52.2,D,98,Vijayawada
1890,Rohit,Female,17,9,B,92,53,96,48,68,357,71.4,B,89,Vizag
1891,Aparna,Female,16,10,B,88,65,64,43,47,307,61.4,C,83,Vizag
1892,Kiran,Male,15,8,C,87,39,62,37,78,303,60.6,C,90,Rajahmundry
1893,Sneha,Male,18,8,A,97,71,83,53,50,354,70.8,B,91,Vijayawada
1894,Sai,Female,18,8,C,57,89,84,48,95,373,74.6,B,91,Vijayawada
1895,Rahul,Female,15,10,A,88,95,45,85,48,361,72.2,B,87,Guntur
1896,Divya,Female,16,10,C,90,48,46,46,42,272,54.4,D,92,Vijayawada
1897,Aparna,Female,17,8,A,44,42,42,92,63,283,56.6,D,83,Guntur
1898,Divya,Female,16,10,A,36,43,55,39,36,209,41.8,F,81,Rajahmundry
1899,Aparna,Male,16,10,C,59,65,52,77,85,338,67.6,C,99,Guntur
1900,Anjali,Female,15,9,B,93,80,78,72,49,372,74.4,B,78,Vijayawada
1901,Divya,Male,16,9,A,98,73,54,37,59,321,64.2,C,96,Hyderabad
1902,Kiran,Male,18,8,B,93,82,100,51,79,405,81.0,A,91,Hyderabad
1903,Anjali,Male,16,8,B,76,89,46,98,94,403,80.6,A,80,Rajahmundry
1904,Anjali,Male,15,10,C,44,91,99,92,78,404,80.8,A,82,Rajahmundry
1905,Sai,Male,17,10,A,53,35,90,93,76,347,69.4,C,92,Rajahmundry
1906,Sai,Male,17,10,A,65,49,90,53,74,331,66.2,C,85,Guntur
1907,Sneha,Male,18,9,C,87,62,98,71,99,417,83.4,A,94,Guntur
1908,Sneha,Female,15,10,B,78,61,89,79,82,389,77.8,B,82,Vijayawada
1909,Aparna,Male,17,10,C,80,67,81,76,35,339,67.8,C,89,Guntur
1910,Arjun,Male,18,8,C,93,68,61,36,43,301,60.2,C,81,Rajahmundry
1911,Divya,Male,18,8,A,81,52,56,52,74,315,63.0,C,98,Vizag
1912,Sai,Female,18,8,B,39,54,54,49,60,256,51.2,D,78,Vizag
1913,Arjun,Male,16,10,B,56,47,76,78,83,340,68.0,C,94,Vizag
1914,Kiran,Male,16,10,C,46,61,35,61,98,301,60.2,C,97,Guntur
1915,Divya,Female,15,10,A,66,94,65,74,41,340,68.0,C,85,Guntur
1916,Rohit,Male,15,10,B,40,40,79,39,82,280,56.0,D,89,Hyderabad
1917,Priya,Male,17,9,A,44,95,98,94,53,384,76.8,B,84,Guntur
1918,Priya,Male,15,10,C,51,93,99,53,54,350,70.0,B,96,Hyderabad
1919,Sai,Male,18,8,B,53,100,56,72,87,368,73.6,B,95,Rajahmundry
1920,Kiran,Female,18,9,C,72,91,72,67,45,347,69.4,C,91,Vijayawada
1921,Kiran,Male,15,8,A,92,62,75,63,72,364,72.8,B,85,Guntur
1922,Arjun,Male,18,9,C,66,58,59,83,43,309,61.8,C,88,Guntur
1923,Aparna,Male,17,9,C,41,58,46,65,56,266,53.2,D,77,Rajahmundry
1924,Arjun,Female,17,9,A,61,38,35,97,49,280,56.0,D,94,Guntur
1925,Rahul,Female,17,10,A,93,38,74,35,42,282,56.4,D,85,Vizag
1926,Kiran,Female,16,9,C,64,78,41,97,97,377,75.4,B,89,Vijayawada
1927,Sai,Female,17,9,A,58,79,62,59,85,343,68.6,C,81,Rajahmundry
1928,Rahul,Female,17,10,C,40,44,59,93,95,331,66.2,C,88,Vizag
1929,Kiran,Male,16,10,C,80,72,88,75,36,351,70.2,B,89,Hyderabad
1930,Sneha,Female,17,10,A,51,79,85,47,49,311,62.2,C,77,Vizag
1931,Rahul,Male,16,9,C,43,55,52,85,41,276,55.2,D,93,Vijayawada
1932,Arjun,Female,16,9,B,69,40,80,38,56,283,56.6,D,79,Guntur
1933,Kiran,Female,15,9,C,55,73,58,65,100,351,70.2,B,98,Vijayawada
1934,Divya,Female,16,9,B,38,72,57,50,60,277,55.4,D,82,Rajahmundry
1935,Sneha,Male,17,9,B,60,55,92,52,64,323,64.6,C,91,Rajahmundry
1936,Rohit,Male,17,8,B,37,61,59,55,57,269,53.8,D,79,Guntur
1937,Aparna,Female,16,8,A,60,80,36,59,96,331,66.2,C,75,Vizag
1938,Rohit,Female,16,8,B,100,39,56,88,63,346,69.2,C,79,Hyderabad
1939,Priya,Male,16,8,A,100,72,50,55,82,359,71.8,B,100,Vizag
1940,Rahul,Female,15,8,A,37,76,59,60,53,285,57.0,D,77,Rajahmundry
1941,Rohit,Male,16,8,C,99,71,69,77,54,370,74.0,B,84,Guntur
1942,Aparna,Female,16,10,B,69,83,93,82,65,392,78.4,B,95,Vijayawada
1943,Aparna,Male,16,9,C,95,43,86,75,74,373,74.6,B,94,Hyderabad
1944,Sai,Male,17,10,A,83,61,78,98,53,373,74.6,B,88,Hyderabad
1945,Priya,Male,15,8,B,43,70,91,81,78,363,72.6,B,75,Vizag
1946,Priya,Female,18,8,B,98,98,90,39,35,360,72.0,B,94,Vijayawada
1947,Rahul,Female,16,9,A,79,87,56,60,35,317,63.4,C,84,Guntur
1948,Priya,Female,16,10,B,100,57,56,45,58,316,63.2,C,97,Rajahmundry
1949,Anjali,Male,16,8,C,59,53,85,38,79,314,62.8,C,82,Rajahmundry
1950,Arjun,Male,17,9,C,84,95,43,96,40,358,71.6,B,98,Hyderabad
1951,Arjun,Female,18,10,C,45,68,64,45,90,312,62.4,C,77,Guntur
1952,Rahul,Male,15,9,C,68,56,37,36,80,277,55.4,D,79,Rajahmundry
1953,Rohit,Male,15,9,C,70,93,57,88,45,353,70.6,B,94,Guntur
1954,Priya,Male,15,10,B,36,67,53,59,75,290,58.0,D,76,Vijayawada
1955,Divya,Male,15,8,B,74,40,93,50,87,344,68.8,C,98,Rajahmundry
1956,Sai,Female,16,9,C,99,61,95,64,78,397,79.4,B,99,Guntur
1957,Kiran,Male,18,8,C,39,99,83,87,94,402,80.4,A,88,Vijayawada
1958,Divya,Male,18,8,A,95,90,64,98,53,400,80.0,A,76,Hyderabad
1959,Divya,Male,16,8,C,42,71,92,67,42,314,62.8,C,82,Vijayawada
1960,Rohit,Male,18,8,B,100,77,62,40,35,314,62.8,C,82,Vizag
1961,Anjali,Male,18,8,B,54,82,67,64,69,336,67.2,C,76,Guntur
1962,Sai,Male,17,8,C,77,76,98,69,52,372,74.4,B,99,Rajahmundry
1963,Kiran,Female,17,10,C,39,85,48,75,58,305,61.0,C,97,Vizag
1964,Rohit,Male,18,9,C,83,68,50,81,53,335,67.0,C,89,Rajahmundry
1965,Anjali,Female,15,9,A,62,91,68,95,52,368,73.6,B,85,Vijayawada
1966,Rahul,Female,16,8,B,71,78,97,96,63,405,81.0,A,84,Guntur
1967,Sneha,Female,17,10,A,62,72,76,91,87,388,77.6,B,89,Vijayawada
1968,Divya,Male,16,8,C,53,61,82,76,55,327,65.4,C,86,Rajahmundry
1969,Rohit,Female,15,9,A,40,39,57,85,44,265,53.0,D,89,Vijayawada
1970,Priya,Male,16,8,A,73,75,93,60,94,395,79.0,B,96,Vijayawada
1971,Anjali,Female,16,9,A,45,92,90,44,96,367,73.4,B,86,Vijayawada
1972,Kiran,Female,16,9,A,98,90,50,46,61,345,69.0,C,90,Vijayawada
1973,Kiran,Male,17,8,A,43,45,94,61,67,310,62.0,C,81,Vizag
1974,Divya,Male,16,9,C,87,82,39,87,78,373,74.6,B,81,Vijayawada
1975,Kiran,Male,16,9,B,65,41,85,73,91,355,71.0,B,95,Vizag
1976,Priya,Female,16,9,B,50,96,36,49,76,307,61.4,C,75,Vijayawada
1977,Sai,Male,17,10,A,95,86,68,79,86,414,82.8,A,82,Hyderabad
1978,Kiran,Male,17,9,A,54,75,79,55,88,351,70.2,B,99,Hyderabad
1979,Kiran,Female,16,9,B,89,92,71,87,78,417,83.4,A,91,Guntur
1980,Priya,Female,18,8,A,96,35,87,91,95,404,80.8,A,94,Rajahmundry
1981,Sneha,Male,15,8,C,86,39,55,90,69,339,67.8,C,92,Rajahmundry
1982,Anjali,Female,17,10,A,90,44,93,59,88,374,74.8,B,97,Vijayawada
1983,Divya,Male,15,9,C,80,66,61,92,88,387,77.4,B,92,Hyderabad
1984,Sneha,Male,17,10,A,50,91,75,43,80,339,67.8,C,93,Rajahmundry
1985,Divya,Female,17,8,C,35,66,68,35,60,264,52.8,D,82,Guntur
1986,Rahul,Male,16,10,B,91,49,90,72,44,346,69.2,C,94,Vizag
1987,Rohit,Male,18,9,C,37,60,65,48,63,273,54.6,D,89,Vijayawada
1988,Anjali,Female,16,9,B,79,52,71,86,41,329,65.8,C,95,Guntur
1989,Divya,Female,15,8,B,54,35,67,91,52,299,59.8,D,100,Vizag
1990,Divya,Female,17,9,C,46,68,64,78,57,313,62.6,C,97,Vijayawada
1991,Sneha,Male,17,9,A,73,78,76,80,78,385,77.0,B,77,Hyderabad
1992,Priya,Male,15,10,A,99,99,45,51,40,334,66.8,C,80,Vizag
1993,Rahul,Female,17,9,B,90,74,81,63,56,364,72.8,B,95,Vizag
1994,Sneha,Male,17,10,C,42,37,95,66,72,312,62.4,C,76,Vijayawada
1995,Rahul,Female,15,8,B,76,51,80,48,80,335,67.0,C,94,Guntur
1996,Kiran,Male,15,10,C,83,53,99,83,100,418,83.6,A,87,Vijayawada
1997,Priya,Male,18,8,A,85,72,65,58,99,379,75.8,B,99,Vijayawada
1998,Divya,Female,17,8,B,67,93,74,97,68,399,79.8,B,99,Guntur
1999,Sai,Male,18,10,B,47,55,41,57,50,250,50.0,D,78,Rajahmundry
2000,Kiran,Female,18,8,A,53,65,37,54,81,290,58.0,D,76,Vizag
